Solana (1) NFT Bridge,01000000030e003d08498edb0ec2cdcb714c3db62ac3a31f930ca86b4ecb42f53dd1181e9b75db04e3da6e1bffc79966d72797411c9808b0e96be34a912cd7b5e3192356dd5bc70101fb06d53aea390c42765952ad261defb6339fe7b4b38dd5ab7510cb034cdc5cbd27f070d32898ea315f8e87cb538e1ff1cc8b61632268b352088fa821b3145d960103eef679edeae1e95ed62f475b77af7cf90ca0df1588acdbcbca579ec997c9af40243ac4992e8549e6a09157f793422e7395122eb4137c7fdf816143adabe3db2c0005bdc4b75a34e78a110a4704cae3b3e3f2af794548539bacedb31fe89cda3fa78f38cfa88e9a9c0a1e298c9bd34d88f47dbb335350469aecf63179cb39e92281de0006520309698b61f0b2524b2e10bd8d0f48193b785c1367062b6762730be3fdf11b4dc3a31832f6b6e7baf77b537ba5535f328d16b64558e4117da6e3a441beb8cd000717d02e66eeda59d0b7aa5c3c671739b5944f0e42f41192e4c5c8ec18a8dd0ca46717f329f82c51bac1cf1e7ad7708c1e9524d80707ff9387fc8194746b7f18520108c8e17b152796dea70b9f8cda2fc97c07e7d01cdda09eb237dd318a6f82a6e07726ec7967ae1554796ce3236e74c0ecf08ad69267241a85821856e3f9b586cb69000928e5485962839a28eb265d7fc77050ad52f652b7489c12d1c7d77748f0068d5561a9c3ea57ab6df2fc3970631ed194ac429ae4b9313c3dec666c13b52a1fc90e000ae9004b26175eacf0afede4a13f7da92ec5ce6827d0a43867ae85c2ad106e30234254f7d6dc83666d0dea6393b9fe76980ac872cb176435a826b032e4a5c88ade010b737d418c571daa5b9aa70882ae8190fe1e372e6db2efcb5fc370902f2532eb7503e523945c5c1a60d6df2787daec04409ce2d4a1eec0d99ef1e7b47ff38452f9010c6b4551ebf0ac7688d0511a7c76047218a13d21f133e90996cbf4e5d6e21895bc7860d78bbefb526196408649ec139a91a133f89327b1415a4a29797e61938aca000dd3b615052730ab99fbff0bff710fcf7cd4841a98ca3becc300c0aa006d38927b54f94f1d10ef758d06cf6f81f2be19dc444deb8155dacd18f701d3ba1a6e6004011102721f4ef1805f14434b8ad0db898c90b310b4ae482dc1685c502c4a18d780d947428685320b12970a0793e6929c9e55bfe115beea0ee550eda824daeaf2836501123aaebf1634e67690ebc6e3b41e38a37d973610afcf0e36014be0340fd994d4ec75ca1a09a7b1a6a5ff40b1ce03ea71f2f824bf12a1a53d7ce7cfe3e95224edd60100000000edc0d3aa00010000000000000000000000000000000000000000000000000000000000000004d3534bf2413f13182000000000000000000000000000000000000000000000004e465442726964676501000000010def15a24423e1edd1a5ab16f557b9060303ddbab8c803d2ee48f4b78a1cfd6b
Ethereum (2) NFT Bridge,01000000030e00910b6ec94dbd932996e21cc0977fa85a48cbb0129b3b36c763a2c08e3ddd61031116c950f113eef2107d2f6dfc17b66824e430efb7e64ccbd38d432ab4ba2bee0001c12a25e692e892232c882770410b8be9383a78397750effd3239e7f7a043abd04eb4252d13d778b3f4c5198609c91600019a549c41d9742a11629209e31f50120103abdd6d661af1ba069918e738b4f25383fab7d90ff6fb18f26683f5edeaf98e8c221c783ddc947ca82369f3b0aa730758f40d90534fd2c1e9d81c5bc7bb473862000514e880f862fa62f3e03ab628be6d49fd8665e535bea84523b90dd14b67457f437bad99020466293339d639d8a6efb00b1ec319681e5c034a25939cd1cd2d8fb10006c413678a1c09384e8b84cecb7038b49ae05f245105ba83be8e6bbb5cb8a5337d217d7b11d783ddae5870da858cd2f2bc3879c3b6740d1cd5f5d06ffdd54e4747000723995b9eab8ebf634b1b1ba4233d10a0fab294923d43516720f4b727420b68ff1c9491716063eada512b150f7062fd32f280c78a7c88103c657d7856bb0ca55c0008698e27a71197458afed68ce81b231a1143c44b3efcdf86bd8b51fd0210b988ba069e51bd58953fb63da396a60ef3f5175f8f84aacac80bf655a8576232eeca0f0109d98685ac48325c430280599b07de908ba1bfbe052944e36d5f4aaf6615c60f2f2cfac50d74036116ac77a3f23f9f0c6f66c2eb5f60f1c80a92f62a8f14f7f4d8010ae650a73194ab3ba7d16566a6feefc1bdb3ce19b45314d4c063a557ac82a6764c2ff36a1caa29f173eaef1bfce319d77d6cca7e5195a7b99fa8eb02aa85789f4c000ba44d994d5e9ce519521980453268cd38529a2c39f0fd9fce141895e6f8e993fe5f087fd30dfffe9e3950a9183ca525dacfab47bc65cd7c3da5866734228def87000cb0b860885f58f78fe4a47f97c496290cc044a5aedb3c42a50ef8a34b9e8deb777249ddb1c4a66d7691dbf74c1c1dcc0ebb2f7c969c0d9ebb7f262d2fe75949e1010d240e9fdeb52b7edec1d27d29c7ecc1387f6c7acfa7d5d5702ef9b998be5172b57d793afbefceeaa06e47e9ecb6f9ad6dbe3c536d81e4eb560087a1fd3fde254501115dae2eea11cbfa28bebe1c0700eb2222d204fa04543425103e2f047ad05f8618027711359008891729daa96b6cb84eafbd11fdba34322c581ecdde9927e42c450012e06fb7d67a6bf36848d7e73a2f54b291b2af4580a12acd8e649033e6ba45b6f77eea47adc62916996946f713b874f9763151bbff671c51954dcdecf6a630f45a01000000003dea7525000100000000000000000000000000000000000000000000000000000000000000041d9d3f0241d610222000000000000000000000000000000000000000000000004e465442726964676501000000020000000000000000000000006ffd7ede62328b3af38fcd61461bbfc52f5651fe
BSC (4) NFT Bridge,01000000030e00405987b630335a7ecf909127afd49795f72e488cd2573cee526053aa4622f5150bd248bfa5abb44b6e5945e1794189db168b0752e21e63c14b4c8925253cfbac000133cc833f880adcc082eb18ec01bd2e48fb30032463bd6554f5dbe9b93d56bbef02b2c0dadabeadc6a3d7a5e0514475e5d5d84530755b9d9e2986454fec4f9fe90003234b5e02c0641ff9c67ac11346f4404c2952e0dd69c69dc0bec1e5b9b3a45e66068d9bba8e2f3b01462e2eea102c5a8aef18eb9b6956687cb9d57d8bca984fa7000582e0d5a62a551fe0657e8a4b45f82ed74ade21e26b4b8c076faa6c4e3d4ac51171116fac8ec399c7a24f453fd62fdee85e6cb915f3aa2dc9a0b434b93daf61340106a74cab721794c6e3f9b9e223debb0516f61d8a475d99c9a21d88c61d3681758062ff1b79bff355212c231824b67b40e29df57d14dc0bfbde44bb534a2de556e60007733983c61e14e7e258789d037df606966c25eb663653dfcea1b3a536d91dce80390efa7494cc7f9351625311af368bdbd941fa6630655a490e72df64e454e4900108c7d092656b0f47ef9f1281d8ccd61ca2cacd7a2b17b5d1815f6c28345a9be70b4b2426a0e6aaa72aaf21bdcb53f70f9b3be9df228e8be009b69a8c322e4d0a490009dc79d47305a0b01878e09827e8e0ee85e0b97f9083dfeeb7c31f4624ea4c30170d92fdcb7077f44119b0bdf14aa3afd36f6f8db4d9dffec93e39701c702f63c4010ab8ec4c816b7fb7c2d92cc8506290a65ae14cf7dbc834cddd387fbb8cd51d86577690991a5694de6205032720ddff9257b2bc78c975c421e706b0764d3d78d17e000b55d03d04aaaa0296dac1c2067ce3aa95827e9acbf47cf80d0ff959c91790dc5e46ac5c7bfe909a93781721914ffc09f77a04b8bb80d1a91f0e64a381a4443bf0010ca7bba1acefed88e1523c9d927e0e05f9eafeb807ed61cb867114100bd92d4c3c2b8aa65c88315b09a34e52b81960129a1800a6eacb88d1930c5aced1cdb3157c000d75ed494a4253519a67e412929e274716e55023fa3338cef49cfb19b9bf8cc90b69e2ad8a7dca37c479e9a51b37dd0a0b673039f4ccd66e015bd3b53c8221503b01112267dbb8aecf72c0562c05f4f3c8a9aa4dee9ec35729563eab8cc00cd6a40fb07e1dc7c980bb33abd719c5629f4b91797c10aed5597be1eba96442c64dacce400112a85c75988219e79ca8e94c07f4f42727a4e72050f01d11e07f9d00d30003680462cede6149744d7c31719081518dec2a7891fe630aa5d0ce57942ea05ed26c2a0000000000200b11ee000100000000000000000000000000000000000000000000000000000000000000047db62ec55a3a80b52000000000000000000000000000000000000000000000004e465442726964676501000000040000000000000000000000005a58505a96d1dbf8df91cb21b54419fc36e93fde
Polygon (5) NFT Bridge,01000000030d029870216fcecf164288c74b4b72d314d2eb085bda962b2d73a355bc0311700db9568319f707c82e77146f35a463b7508c7a796dd3f2d398fb45d8fd815460cb5b01035cb4ebc6aa6abbba96c43c1572b49cad3071b33736f098af64d2fb76fc0af77d06238ba6187d57a4d1190a0960a599bf35c82da8b7ffbbd6630fb98e00bf325f0104aae206ebdfbcecb91312782dbf8fca524097659a121b346b084f16070e9372176e323fee8a8d72104e66a19a2005e42c0b63502d1abe422d3c73aa4778e068d600054b910e01dfb4e1c7fe0a02895506128bff707152bdade01be534b4661f68715e1ba08718e423fa93ef252d3db67bf5fa925f81ba19b97387377132fd537d9777010616a60eeddb3592b8d5c98a54dfb50d352b743f40dce8968f8bc0e97e5635053e183bfc7f6ba6b6bd703f45ae287f49001acf4336509a388817580d33de2619cf01074ee3da111097f344dad15183fe1c862acc58ca2758ae3f01309c249cb4ff394a03537e9754ab56942de0b867d87e9eb750607dcd723aa2201e9e7101d6b4337900080c105df6ca7e393281acbbbd82c8c3a24a0f716023c1e91afe302776c3225b2703930181f608f726439531ce53f0f4eb65d4714f97fa5e956562baa01b0f848a0109269132fc74929307f41f62cf784dd6b1edeeb256453d374c74dc852274fce79b366b48c0d6b238739c8d92bc90b69641573c9190630c6bb5e1118f8e26879da5000c9b60496f22fd7d0e6d3576bc7964c4f7087dce1f8f447d9ff26654549a73c9054ff1c1a8c7f58e80c91b6c9815e3034d36e686782a73214dabfa08b5fbde8a02010db9b96fb23dadae69c19f520f36786651010b9d31f5555318d502d9650bdf54d51e55fb2a56ae3e634479727a8b4059ce748561a87ce766a02cd32dc5ed4d4b3f000f2f1bd5abe4336c3cd85e123e8ec2bfc96f7d6c28034c3e9b827346c93e6e9a035e6e204d5668caaee7bd5402938ab2ec92ea0d97a1c48936e2c9f3b876f38dd80010fc19c39652064b22085519a78b4a9cc0a97a1e805b3ae4234883d5810e4eff222f2f018e5a806000693162426375ec0a06f4ec2d4f1312296ed43259dfc05c740111dbd52f95a447766493202198bc4eb1c71171d807e6d00b06a6ae4e2c86663dbf3d546c614ce3889a1ed8f67383fa75f4276df16b820f8be6ea2092aa71d691700000000000e3f29ef100010000000000000000000000000000000000000000000000000000000000000004dd8feab99f206c4f2000000000000000000000000000000000000000000000004e4654427269646765010000000500000000000000000000000090bbd86a6fe93d3bc3ed6335935447e75fab7fcf
Avalanche (6) NFT Bridge,01000000030d02588d94676ecffc0477a60e85b1b91df7c4c02fbc5de18d0d34e1e17ec7030f194545b8e3b0dd199e0baddd23a54035607b81c45a43f6e2d002a983763f44c96a0003ea1621562db9a1d74263da31815c86641e57373f1b802af9d83426d40f9c54de69f4b015ad00550cf6942330d2d9f2e15573885deb5e9e7978b3c069bcdd729500049d7fdcd7d424255d21ddfc70be718a4a60b2057df859bb689efc32c5d7cc8acb2bd0f01f57668b9b9b7b11f0378f8c9a9ebe6408f7a66fe24743c46dfe981c7801055b4c552d7c55830eb59e2a091d4b84768c45a1d12fd82e9678398f9b9f18c01e196ee047247e199c0cb3984a281560ad2809641f8b1c7a820f218dc22071832e000686b74a7e716a19470ecaa2f39648a6119ba8cebfb5061baf0ffaae511a699b951c0828bd8ce060d6f1b778b2649a9f3d93c34c61f5d81d88d75df8a11f096ed70007e9195ce3afa50df5fd34b652ae41277efab03d6e58d1ac3f26e348ed87a5fd5e4b353b349530c690ed017a82d8c2697649699887605c3667421ab1e2480e52760108612a557c8e85e8fb220a437e6d1bdb084400111f8222c188f7f20c01cc172a6c78b9bada665ff865f71eb525d7a9726f0c2930643fd8f2f1b4d09f0875cb40580109ce7ddb7f9b894fae5b6334d8f8c3c6f5ba294d608f6db053314a20409c0050dc3d7c0f63b8ab27de3becf0c184911edf522e44740176f6f701eead5ac8e48dac000cb29c6167666e2595e3f1cff3db6939bef828fd733065de48e1322929e7ffb0cb0ea338ae3493aca5bc511f101dd80cea461f60e9c87757c15062c89e603dffa3010d9f51472ab79a63105c139d63bedb631ad226b6addc804dd30fd85c146a18bdd2483f0c1ee985d5cefee86a8a17144c012588029b98a9c398c0582638a555dfc4000f68e7506ce50342eaa3132c9daac585d5ac5e5c7c823c5a101fb5b65614b3632711f3c1d06cb8db6f233bbb00c3d96296118e7b10d79d0865b8cb1c5b84809dbf01100f2578cb3f3b0117a5a0c34f1dbde86711c8a1fd58f97ceb2d624d414b00f4e2243c9088f37d0bddbc6db7a196c5aa075f289b92090ee8f26654af6f220a798900112840355495766434a6349cf50a6ac852b50a94f28dd3a0966c0af239455290c61ab3a834a1ea8191cdd33e64677d07cf8afe0d3c5baf392167832556e5ec4e2000000000000d97ebe800010000000000000000000000000000000000000000000000000000000000000004bf91d2125c5819ca2000000000000000000000000000000000000000000000004e46544272696467650100000006000000000000000000000000f7b6737ca9c4e08ae573f75a97b73d7a813f5de5
Oasis (7) NFT Bridge,01000000030e017109755fcec2eb28a842a456a558b6334878609de89cd72de685aa319ebf7fcf35c6f9d9d51c91d873c282567e2073aee2c05925dcd02d8ec2b9929de3315f110003926ac9cf97045688ced347f8cfce6082efc3cd0395b5b848046fe40101c9ff3f1c0494f4305b1968e774c40642e4c0ba8bc4241a9462171cc75306cafce810660004b36b415a53f74ed510a9dbf3fd751dd12afcda067db0c67c812ab816b456a8b12a9aef8f9b45530df9a9dee6f59ddc875ab944aa4a59ba1226944215c275da9801050c390651359be29cf3c736a9d8b21349594c3d11120415f2996d852d40d012b11977abe732c7adffb8b9e13e521849b4030ff44a7827a2ad2b8692e7470e94af0006033eec16033ea9f83a6f97847dba0e460804a2d4d164571a41a8ace2952905cf4ec7e344fd6e47377747c5c8c3e44dd360160e51b1838ecc9081158310802c9901078d06e14ddfa0c8a250a095a993ee62ea3e8403726bca204cac45c4982701e1940355799c910053f3fdef8bf387fafe36666f02c0d531a1d5fbac239692d9a1b30008e9158ddcde9e19095b0f6a5516b38d18870303262a28ff7a4bf08fadb9547acb0c46122e9bdfd84aaab0153d7ecc0cfa8c263e5c82fa9f3edd2758b7a8035daa0109147f1236bacd2e76bcfb0790edd800b07aded11a50272242c046376f8c4788303b7dc0224bb9c849196603d28c3466d63adf168098b9aec42a834bc587d07835010b4ad5d0dc002dfae2e9f688fbaf264d37d85aae0125c3672541f92cc39bef8f8f4ef6aa15696baea9867dad40e33f118fab702192edf045c1b3c34f25d6cbadb4000c45e066114d4754e014b332cd0f42ca79a1622d5a76d7c8ed1f4546ae3d4a42f36797e955c938944a4d30adf33d8e991856d55f3b00c364dac3d29a8b0294b2fc000d45f9b17b2bb38b0fb4bccd32dfd2ac5c9b72fa8b0271b621b804186413188af341b66932b893838ed3d299b918d56f5c282803412bc08588b9afbcac6bc35a8b0110abbf400ee2383b3eca236934ae791194f48a4e88fddeb2463380702f6498250c12a50c8e5443c84504a1b806e197d3cb5aae41dd9e5da662728f6d740cac18f80011886df1556c5fc54eeadefd24807af2335219d89c20b139686a5f8b69f2bb6d8e25323b826ef7517ee82b5f36473d92a1f949383fa9d829ed9a15874acc3659f600122154160bf7550a1ab804809983f09df7df894f23f8ff72bfcd1744deaf43c76117f05a10218630bf577ec6bea4e1ee3db0c64f42c6292ad4532976f6fc67fcc9010000000084488bf600010000000000000000000000000000000000000000000000000000000000000004e1042ecd769bd4712000000000000000000000000000000000000000000000004e4654427269646765010000000700000000000000000000000004952d522ff217f40b5ef3cbf659eca7b952a6c1
Aurora (9) NFT Bridge,01000000030e010abe89b7d7ad56c3cbc76f60e6ff4ccec88b99fa5c5f43271e556807c2b22ff048087d3c9dace435c8c52933c1d94a315c6bef76becfc8e635aaafcaf0739c560002a92b1fa0046e1dd995120be864d6f43492b748988665ef716a7da764781529990f39a1868e56619a9eea650998e1f5c1cdc30221c8ff94593ad7b70b3b162d5f00038189e2d2f76540ca3e145f597e3373ba3f033f7108c3aa66a2ef4da22725d4866a9aa43ae53b086191c6d4d983a9d90c45fc369c2179e79c546ee0b3f3825e54000535dcbeddfe7ca716df09a2652d12354bda4f82ea3cd0f71e74459a95e91bcf7d608301ec671a74d3c94369f138911fc1e61f3be177df29cc27c515a7fda62b9c01065ec6b949018e8ac1e2465cb75935d8e85980357d6cbc8fd63d093023eb275cd6453638e423599fa1a63f61a49225fa6de5dfc3735bc15055b23f0c8375fc71f60107f53f7f1461573297053be4f5e96bf8677126e90b46e12b81e935c4a609edfbb83a2ee7a648951623841aefee18f5ba82768aec6076da700ef5687394733ba1830108c6cc8684293d7357f741acd13248105bc4185bf340b1cc7e0d0db17c7e9be12a310e19cd75f9fefb5d2eb6379aae93e0021251fd0e5ee064b874cc9ba4526ffb0109a169c44c7c80fb0a4172768c32529c1dafcfd45cabdbeb02f10340fb17192b28528e8a1b3b29815d8eba9a328b41fd8477a13e408f59852584aad4f91858bd13000a53d32ed287e6d37631ff0503525a34aada229692cdfff8ca5ae465ca36f2c0022abda5e6149196f10cb544c775f36034abd37fe79666ed29148316880030b2c7010d5a445659ade25e8e292a0b97e3ab1305cb0909c86f713683fc2c665a194b9dc5766eef404b158c5258f6b0d220a5e74493275b6095cc6e2f51c391a65f2da990010e07b259e831ae4c3947220369627c34e30099ace8827dd46f0934d3f7e46609f232c5a04d78ade5d380d7fe2196f12c29a73088e8558ffd52f68b8fb2ab48d1a8000f655781c7dea5353100cb9eceeae4017fe74b0cc25d7e50b92dcd9b12d769c9290625833b02d78cff001b11f415f07fdc4a11691e4e3b1bb559cf1970c13a22120110f981d94239efa1d4e214e268e8e9ee653d7505d5ac1cca5966ee69eb0270d0846d7b0a906f92dd0e9e4f47f57a2cb61caee42f44c0068ddf8f01ec0741ac6f07001121258885951134bf3aef17ff7752a38d99bf78cdea1cc8aef3e69b2abb28c1b440831b923ac4fae86ee0c1df2a0815f41dfd2ef90f5c752fef1249fbac312aa20100000000ac9e0140000100000000000000000000000000000000000000000000000000000000000000041ade1863fed2ae422000000000000000000000000000000000000000000000004e465442726964676501000000090000000000000000000000006dcc0484472523ed9cdc017f711bcbf909789284
Fantom (10) NFT Bridge,01000000030e021ea05e929306fcab7497b7692350f126e07a4737c093fb86294adb109e16aca118aca072d206fff54a763c4564c70361f1dc758e8d2694507010a9a7548bbb8d000319a8a8b008d0bcab6710fe0dbd10c13f5df53d2315a2b32aed598be0eb00b7d44f496f5d91930ae6145bade4c9f7c76fdabd8bd859ae932db325b450c1090ba100058022ac71e0f00e6c2a5f380d860ec3bc19cbe73846fad14c24808af6fc1a94a722ed330a355bf6ca224a3f13dbbaaf48d2e3fca4fabe6d3c4b49fa694baf2c190007d676a45bb38cb38ef756a2cf615c8fa7f0f9063e9bb53e34a365583f0906dc367749ff94c5ecca978fe8cdf5f1ce632daf0834a972f43c8655d7720af7b0ca1a0009293681c86b8f9c5f5e61ab4676aabcd2ae84fb54902dbe31e85cda9052f0d7fb4fd5be80d5d0b16bf22703ce4c2618282f396390f5457180e742cef371eaada0010a9342327f5f025aafb403b08d7be2170088f303260fc50e47a5d032f7da5e9fdd478c367e5fc5466057ac84476633e8c80170b9e2df88ce9d27c4fb11bcc149fa000b5662723c5377dd452971f10a061e869cc4b92c182a1c38af3b1548c1757a47e72daaaa0ed8ffbd9bd0ea822969d9cd2b9b595301d20174da4ef968690e6dde4c000c249b9d50bbcbcbf1ccbdf02c79d916132ed62200ced011972790aa9af7e9bb750c80faed03f56953869a1e54242b718349d64e7a9896a0f93146467e554699e3010d638b8bd09783a2ae266800c84fd52350504820a16f9b34321a4e17ba27071ff318d3fd8dc1138c0cbf98ecc200cdcd9f31fa64028f96ff3eee9dbe6190c2055b000e14234c6c9e218bac1da3074214159e08783c9359bda639c64584e1db5013e7145c98be841fcf74c45b74e6ba736401435b7622d280feb7cf864a6153df255734010f5b57d33d3f3f2dd7e7f48f3d951468c4d8012f8a6b6e62a3093816f33a51e8d40e0ade8e6eaa57001cfec98f145eb2e0b5b8be7dff9612f5f7f1e0cf35e1d2990010d8bd7c78f129d0af15f300fcff2128e93a39b61f95f6859561349baf65af76947d09fb44a890fc20b3aed5477f98cfc1bd85579b0697109b6e7a28bee6a2d69500116d973ac246039476bcb17c9ba539e95df1488b5d3029a396c4aa237c13dfdb8a28384c9a7d2edf6b9af26290674c00df028fd917a183071fec33b531e6bda8580112b2c9469445cdb21ff0215a0c06946927054e929a9daa1fce3f47209707aceb3a1c0496d31f0e0760ca96ca9fd7b3a6cca8db8e6e79fe6c91b74becec53aadb0d0100000000da013a7b0001000000000000000000000000000000000000000000000000000000000000000424b358920a0e544f2000000000000000000000000000000000000000000000004e4654427269646765010000000a000000000000000000000000a9c7119abda80d4a4e0c06c8f4d8cf5893234535
Karura (11) NFT Bridge,01000000030e03c7061816e6b876c9124ab8cbeda591ab52e126f5c4027aa936a91cce4bf95c1339fc52ceaa95127810b7cc2586aad4a4fc852b07fb6b4cbc5d46e3a66f352c01010468b1edb0caf545c97b366e133483a957865d0353dd62839974dea6063b7a1daf000a5c5aba9d4fc31d9706dbec255d9b61739f86b30cc30487c2635d7fc31e1c010566525e95418d391cc04ed1ced837be7e4227956fe3996b66f5a2275c58d912d80c463b8c2d119506ef1258e787cea671df0da9cb19761c65011af48e355ffc8b0106d1e47f342b87770ca98a6882c074880537f98e5a4f5190f0da435b58309e892f6aab0ddc4e10756298454f179536711c70d711eee04f761df7e6fbb62e1e49610007446ef58b08a09f27b961cdca17a5fb88ab18879048175a79471cefc7bc126ff037da277e83e197114e0978cb1330050d16b7b25da36e90d4b72423f67b502e5e01088d1bd14a95d746ad746c50a0050205689b468434863a203152210acaf5ed037c15545cf84583f2ad4e7c1a1a8d7dd2aeca55449ff576a39f26331441f97ccf700109044695f6a06d54c41f7e45b3d0ff808946dcbc596e0fcc964780278800a15b34569c2853ea20c1a1edd35fa3ef69190969e417dd4ab29fb074b263d79b1662f0010b5c7f1ba71e49f017c902d8d70af4fe8fc71b70fc8d6149b72f0da0bb62cf5fab6c39fe273ec99f29987e3d4b651f5bb8f63fba6c041629eca6543ef9c8bca6b0000c36ebaaa8e495ed35603838c9d8192e2a16349d4e016e992b83125bde6313b0663983d9613d775b70e76c4cb1d92a4b1ef33258fda145d6b939b2435d6260cb0e010deb34f6f6b1ee350f44f4b9d705fc4973f59d8cc79cd2511a346ee9e1d95fbcd950582491eef214ed5e198fa65b47be3efc259b9e307884643abfdc8a5ae83337010e328bfbec90f5bd3eee9b726a278213abe33b19f3ef67de87326447c785780b1505f162335a3bfe1dffb030a5c566336e28539823363612a785c65fcf7cb31e7c000fb3d89ee934ab8d61c26eac2099091edd4d243a68cfe3ac25c92e4d44634d977a0df6306b30acd16d4a1dae65febc18488f0d9ce4f9f563af9eb6da71c6b6b19601100cde4e50514ee34106def7ee7f9407954015a47d5529d1f77d50065a9e6c98d5211deaedfadf86c5bab393ab33e45c3124d9a03810825d533341cfbfcd443ffb0011fb627f3a9967dba40ca3e304a16fb5b76b30014a06bf9407f31b74b878a2b90209f014f159660d409b9f6e9e93e4c876d811f877d51f80cde0da7cd7a6f464860000000000a071934e00010000000000000000000000000000000000000000000000000000000000000004cd30c7284ddcbf352000000000000000000000000000000000000000000000004e4654427269646765010000000b000000000000000000000000b91e3638f82a1facb28690b37e3aae45d2c33808
Acala (12) NFT Bridge,01000000030e00b8185efa3ca656b6bcd848a534cf9b1d101838b99d4e8873a0b8e61ada0ce6b70131d3e348162c3e0d052a70cad65e1c9868a13ef5ef58bf74dacf1ef2e487ef01027a4b2d311c6dabf97bec39eebb6f60404484987331d96bfcabc26cc97788e65c7bc332fb582114f4e580ebbac753ebbd53a9709bd64c4ee9537313f5ac7fc8ce0003a0f6bc5aaad8aa52159c5c026e8dbf933dceb10b7a54fd49deec0f5816901606048296e8f7e65d84f50671df526baa43c2c9da3e4450ffe927d2adbd4fd54dde00042253e18ab1f0bf3203dad87a4b5947dd9eef93e96f8318c781c3e51fe643b0c74ae4499f01e3bec4f0852ff66c17fbf3f176efb7180db4c48a20061d2679929e00057f2290c34d9f3fc3c0c4a8a86928f36c3d615f5314323c7a50ae30098c4007b7066581528571f7d562e84f519d455ee9d638ba82127609021932a52c648afd4400075fda65c2852f30129a69dd7ea104b5e2d360effa367391a8dfb3dcce418fcc680428d4123bcf9672dcb1ceb17c56adc41f68de8181d829dd80f27b463c51c68b0008d65944ac6b17ee1e9e7dec3d6ee1e52fdcbaf16bae508054251d5ec16309458714210a9d59144c5a425c92c1f19810bb5aaea0cf75b808430a91f76444ebd52e0009864557225536b7503959343898e25ba2541657b4004d13368729f1bbc481a557725f20e3a62dec6eea56de9d64fc075627c40d74436d8fd9c5f752e047afdfb3000cc139742d82e6c8f1e28d9b0807683e0758e83c1895078d646b47eb48e3fc11c5345ee4e3e01935ca5c405ea231977cc41efddfc2641b6051d152a6baf2d7afe0010d86313d890822fe11e07f6d58055813786a68a48f0507deca3f64fbe92ca693a71938bdc62d1a6621a28e0ced2a8865f706e121c5b5d06b62426b48a8ae02e982010ee8d59244926cbc0e21465872b08c1b0fb21653c653b0006d4ce0a26467a6d88a067afdcc30944e228a4110a9b818766fc5f982c29f1c6406fa4f9f159fbe313e000fcd567005e788cc703f3a77295ee8387ddf638140ee9eac42c06c489d233b47f64a69dde3203f5b2547f34d290af53c76e13ca5cba24bc2f58cbcaa99fe52d8a60010bfde55f8c4f57e53934a18d334d226a070b1e632ba6b189b6d57a20dd85fa009020e43da1d872d0a20a6542c8f488ced1ca9965aa947823c0152383ace1144c60111e8464893e1772792b1c044360cbe147a582433d8960ec10950e2f48b9e9aa5e01efe162ac09dd480ed7e0a57bcfd6290d018f243e862c8ef7cc6b40e8eadf66a0000000000315e8444000100000000000000000000000000000000000000000000000000000000000000049892643a64f708782000000000000000000000000000000000000000000000004e4654427269646765010000000c000000000000000000000000b91e3638f82a1facb28690b37e3aae45d2c33808
Klaytn (13) NFT Bridge,01000000030d02160252d67f3152f4974924ce685dde722ebc39407be0e8d4ca91b5e1d50649aa3caf1323e8e68ba2708acaa1952c39b8fbcf497f9df843162d65e26333e0a2a60003526e3417a725aef59f91561b02ac6e2a753fc25772d7fb7791d41280720c31c1238b4ffa1dc12ce76644d3f79fd6be4020da4a094eaa5e2fbf606d73a4a37cf70104bdbb28ab63cd115c4437b429f0b6040dcfd7889150f4e545a3db3b499de8f66a2345a78a701a029531a1da5259f046b534e2a8af51c2bf87ebd609fcd4f6e1d801059fed2e15fa196fb78750833a189c9807c0952623e3b84e469a9812652a5756462a0dcfa234e72288b4a184b3950dac04c9c541511b0f1d6e5801a074bcaea9c60007ba524642c2143d547c8d0ef0e94333cf6aa815a0dcb73022865a227f2b1e75184abb4d60f742612ccc98bca03c30e8b72404468b45fb7234ad682b3a19e12fed010832772a5bfead1b5f0b08cde45b940b9aa73769cd932283a6ea036538b5e37a36715f536d2c89a9c2512d6764b2f236124ec9a3bfa2035a29cc55e87b0e15f29301096dfcfe1f685158af0455c1ad8558c6b697acc23edb45e57ac180e157ee4442ef53fa2499268bf0e0e99bc4ef2a717abbe32c4652709cd6b10c8653ae0b4b8dc7010bfa0250eaa7825cdb38bd22cdad750c8aa6410bede7f176bc66918f79966a4de34f28bd2841c7409cc49c7d67ac4caeef85d8318340f0944ad9c0ca8460b4f1ad000dcd7630dcd3de61a20c68816aea237b8292eb8a5a3f7d3bb66739dbd7b9ef61fd3eac57c5cfaeb55fcd01c10c88b35aaa70eba20e4b21be673cb5355f53856cef010e9296f3fbfdbffa8c239a3ebf87c05e92963885fe257578576ffcf61fd07c63676cbab741d57d8aa509b335ba649d1282648c2eac5eae627d9581c179f8923d5f010fb9ca88e4e36e91998e4dfd2d83675f6f568e681feef4c87b07250fa7338d9fef53dddb545313d57effa86f20f599bfb7dc0100dce7f732b98a58691f399b3ee9001042a89834f920522fb6ecf26f4c79a1ca323f300df36d898f5b3418f4e08b08884e084262f5da2baa1b39097c4bb608cf429ec004e5d2da813c7b62b7e4e8d3620012ee91f25c4e34a82ad5af908696d96fab14cd7abb0ad9389493b875cdca37ecfd520bd4b09a03e36351500bc42450fcf21ef8f5e45de7c2c0c8310780fcaf6090010000000004c8a56000010000000000000000000000000000000000000000000000000000000000000004707148cf1a4bd4142000000000000000000000000000000000000000000000004e4654427269646765010000000d0000000000000000000000003c3c561757baa0b78c5c025cdeaa4ee24c1dffef
Celo (14) NFT Bridge,01000000030d0263d5c79a244b703002adc5b73a199269ee18420a8351819951fc45c0041204f00281522ddec96ef14c164127942d84cb2ac27e2c35a6d146a2c7e4f66d71d5ba0103f73bd61082d6c8f7f61876a638fd26203470c1802429f7bca017705adfb657124c19f33fcdcea486cbfc46553559a42d87fc7c3bf33526e3d6dadd604cd848940104c0c47b9bd3c5d513eede16acc63f49d6e126be570bb9390d8f15fa4a2ecb9d1b68289a4e457aff12d89bba3424281f27d8c54c3b87445ca138bf5b06d6bb057f0105bfddf55ed379da0d4242cad8b7b4dbfc3eae689eb69e0f4a282e9f65f3b98aec13db06b428b8d89bdfecec0a716b299308070cd8c16cf07b8e569997332e722201070635e9a5258b23e50e757f960aa415dc76d0c6faf0b095a67b6d178947cd74d834773cc4ba817f544bf130785889a709a8dba0cbe83a8e99c288829ab416200900083478d472ebdea027ac7c43d1b8be020db7071db4a955c605d91cbb8ac20ef87434a6df7ff7a6ce4027163406d79311f820c2a60fb9d20ee40c05e2157177ea5201097c8ca8d53a01d1a047c80ab5ceac581aa25c694004958ac497802fddf59869c2488154a18ecd202ce0ad13fd57e04b49eea45e889b9c1136da06c7adffe59937010bc93f245408429d0cae6acb9a0cf60c1d501199f5d2db077fc85b477b9bd6e2c836a0159fce5cb3c8648decf25136db0f7322edf49da5fad757c866304917db0b000d4fbc2a6afe5f60ad77f02d83a13311e13717e75a4c57ec872d02c80fba1354264576b539abad11594cf0e1600b8aac1324ebad040397d4e6d6221a384a9275e0010ece16fc3cea71163b1d499a31100f3be89511c0c8b96d1452d0d4ff4444d9c27f754cf54378495537f9db7f27ab25153737bbcfcaf191a0d674dca1d2364d5353010feb0a6f8f7d08ef3dbbe5add9f6cb61da2b62d886d166a59f9304c6a576c97ab933957aae2655a9b8b0279c052c65acbc74a36ce4e9a5df5095c073c6bbfdbb3501104ae4ac221ec11478f8a51d0e2410d0952f3eaa9757bd407ebf18f13714bc15de11afdfbfa2ecc6c84acb54cacfaee08d3fd60e3baf66b018c13182015a0ce2ce011241ca5045f222bd567ccd345fefe4940554ad942473caa5ff38f1b83db450c9403fae89759e3f84df4f828b624e270fb5aae231c57406c29995958f4b7a083ce600000000004e8a8800000100000000000000000000000000000000000000000000000000000000000000046974fbbfb48cd7c72000000000000000000000000000000000000000000000004e4654427269646765010000000e000000000000000000000000a6a377d75ca5c9052c9a77ed1e865cc25bd97bf3
Moonbeam (16) NFT Bridge,01000000030d027c278a867a1fccaad86abda98823e88f72beb5d24443f73e54aa54a18d940b910c43e937f301f71631977fc372ec0c16e81f52f5bb68999ec76a9888a46b82df0103475264d19fda61894e6733818703882b60574472b58fadf06f57a7898bf0a1ac19be8da74b552e99a70a00f1d384c45ce6c860bf5595b5a8d3f2a3c8213d2ec90004c1f29bed4587eab2e79dcebd510b952565a3fa7724f3e9d418232c03f30723a96c46589c5c2520a4a8099f4a9f681be5937dd97e41ee89aa47c4af802f3153b90105c21f38d9e5ffdb145e31cc5986542294528a1d904b037c733cf689f57a108b6d27e7f0acd5936b39bba443b9924effc4cfa1c8f79926d632f080c463c6092acb01069d5ea984697349505dd3b7d6cee7450deb957fbaf5c399ba37a4b2813e26728e08cc0182b02b2d283d9b7ea0e655b3e377f09446de9a57c47f0aa393cb22f50101075fa7fae6f405c08b876711341a96f391bbceb99c158f716d4545ded8cf2a4da51ec8de6ee8f70cf0b59a3efb9bb424308041974ced4f338e41c50b055b822686010847b3db69dc6f0f0e9ed638800069f036902cc1bbab4644bc0bade650451619eb438675e5aae57777747315b315d3c484cb2789d942b98bc299ad2b6de89263d00109cfb0a27732f55aa5052dd585bf94b0f26b961e76d39a3b9d11ee3207b9b73eb81789286b01fc82f87a07efd03761f9cd7602371d80f2afba0fb8768b6e596e7b000c338f9035c27a0cff17be1890dab4dafe92580385238db217683cafc30c9ff1e96f3dca3cd9eb8824ae92be655759334a7985b0f8f8afc9e672b023ff51c316ba000d0c5f5a36ba8128f14a6faa8b9de50ecd542a02ac5050b1efb9dd405f6fc67a7c07f271f7131578b1b7e9a4bee01b45adda565d1490a985f9b610e018e7222167010f4c6873e8cae7a937d50dcb14f99117bee6e3b2876ea877a19212d1dfbd4789e46a6185c4f854ea3e175469a9b369d5a5d129296fc3d41f55135eabc7f11549c401106c97984735b6754e0c40603525c188a1fefc4f07715d3e5c9fcc42bda40bccf11e673815e7515d56c69c4dcedcea09fff1c3ca58d57bbde8a27dfaa7ad77f96d0011da29584ca47e223d3068d91101068f96651aa0e1b8bcebb2c016960b58fbb979396f31b4f9a1a1201f7cc44fd88ec25dd739111510f9e5e4548172d6e4a081fe0100000000bf64a8c200010000000000000000000000000000000000000000000000000000000000000004b09124788a3e42902000000000000000000000000000000000000000000000004e46544272696467650100000010000000000000000000000000453cfbe096c0f8d763e8c5f24b441097d577bde2
Aptos (22) NFT Bridge,01000000030e00b8f342f2ff02181898963d527dcf9be957bffc2ac99e5a2843c384d927e4eff443e37df202e58723c8b5089365b323e32440c56510d4bb31d7ba80d0209b678a0002a2f5059713c7f4296a8d68ffdfdd069ce5298da796b25e8a055f93e79bd70fdb5399ee82bf1ef0feea0ce574139a01d85c167ac4ddd334bcfa4bd2a863d28ffd00031477fbb8cb8574acb482efac8464b55f788b3acbea52e5c4705b9d0fc561b1cc19a4113e649f574823c03f56d309e824dde34ce91a9808e5214b2b220f09085201042819a071eb387495e7e57e790621ebe00057b5657004becbffb5164981bcc8f9470183439f62b9f7da7f3b09d1e00742fdb5601e84327fd969f22973eaccd2a9010562ec32ea5e4c327e69444c6553befa6de6453311c97d4a01e82dfd63189e6f73581af86f622708ceb563d63b05666b09588e4233d2edd6c1dc39742e4943dc040107bcc05555fc96d4966ad4c8387768ec312d14ad724d62f3206879029fd6415c3a402e0634149e0a12544cb068ae660def87a1d2e4f7e23e3ea422ea386c2fd5d5010809154249651a415705658d5f5d7f6049fa23c1f002bf00e3e4d49d51c597fa8b7ab0f5146a226d56a36b95efac59db27e4ee0741c6014fe55004e4a234f6842a01097e289f8bfbbfa29c9c4fc4f3c0d2b64e8bed9921dabc7362a6c125093a41af8a1daad45cb8b0eb18d3f6684368812f7a904b3203081a7b20aa26a7b4726dd483000a47d5067e1955034d732722120e5bfd074a1142bc7619c98d5b9cf37a856c92401618bda2b3c0e2d7a9eced68e4867c83b96bed9d3630c2b276e714be65f1cb39000c24c594eec0802315e67b7074954c0b4a050dc24e5b09741d15154bbe075aec8c015c86968ced954ada7fa9799783f495302512dc5c45a38c6ce778f0b6da73c8000d00db3542acac0b5dec0f63dcefd3d7411dc2c7e48feeb7efcfd28ff2172f39d139811ad02184376819a5b2c582cfb6b92d414af31e04526f02568eb6a49027b1001013d822a17d5af2021e6f7075508749478cf3b081ecfeb698ce4f679cf695444c55818d9e8c003a05674bda642f119f0483e9d2552e6b833fe4a4baef056c687800111b8900571c773f2dd6b11f0ca728d6f52489239a9aec11f47504b3935035b1806703d9ae7857b62f891587c5c9610a16ddbfb245c1e43f8841db5210ec2437eb011266f914c5b1fe8af0bdba9e4c8060453d951d8107bc78764f3eec110799c7b75a1299d51c80e155464f0cc490272938f182cf51bededb7b26fea96d00b1e54011010000000054d9b29b00010000000000000000000000000000000000000000000000000000000000000004d498b724f89a5faa2000000000000000000000000000000000000000000000004e465442726964676501000000160000000000000000000000000000000000000000000000000000000000000005
Arbitrum (23) NFT Bridge,01000000030e008bde59c741a9c84df6e5e7306a63d21bf5d3fcf83a081be4d8bbd5c355b37b4f597852bd173eec2f67d78e3993335e70e9e4900cccc3d9d89d3656fb17f1346d010304208fdc8353c494ef9614a90bda9a7a1dde7646317b9ebb607840db37aad52309168433dc688fad3980728c46d380d2aeaadc827bbf991c2051aaceb0b8074301049e66babe85d4ca61acbf0afe42647f7a3c23abd95f5a28a8e914d2805247ecde2fbda69d1db282c5ed517e40191b7a77859baf4c9d18269015bc2bf213a616d90005d9168152262d4062d02a4791e7158c128a85d5cc438ec80a5726a3d4d5c600ef61900b10a1d89b66d2d14a9897d2e3e80ff37e2a5ba99d5b0738ba7c470f908c000652c13a2267f139ee1c71841568433bbc5447e21ad41cdb5a2e2e39e668b024b9708f7f1e17b4a89dea05410e57dedf32ae301d05534d8a783bfea31de826f76d00070ec67d3bd18b94402553e1993cdfd0a3f80e1e3043967283d8f87a95bb0b877e09040fdaafdbb93555ba23a347f05771c27918732acf2f5a7736cada13097bb4000894f73504ca75547727ed276d8c9e52365ac4b4f56bf43e85c1b8490d6a1bc6f6319c70ae2fa519dce95e2abe0126a2a8a2f298b1d9f44449dec5bc492e8a756500091991a74bb229aca9087e313f91af986c4d0ab8d039f2273c27b663277fcb47f308b931816d1f1390060c03482234f1a706b7f6a83746223ba4f7b306a101fc98010b75f1019131f0030f6f56eb8d4fcdbadf6369f488da38a001b22351fbccbe2b2b51d6e5c9b82cf29acddefd5add8b05e6c30c175bb9466da335e63be9d6d4c518010c54e7ebe13e848457624e674748013997c48d9507cbcc12173c89c5b9b6df82014ec99ce0c3940da296bcca623181a26f715d854ad648894cfb74039fe5fd85bf000dc92b22236a1195bc83fad9ee475a32c8e18f88f956a87a160f0da08f31354d2441b1952bb7cd290a93cc55cc783451c3f020f642bf63617234f7a35dee0c4076010f32db50b935d5c3384a038aff7b9727fe41e73bc46db6ccb73996ffb362d6405966e2731e48339691c33a6dfe4a6dd3d374e88e466d80177aff223c5056423d660010078747b0fa64ff87bc34b6ed544439d1634754ab99ad49a3c649eb21567ede0c44ece6965dd55c1dff495f1ed3b70f78d6a872489a89560ad8ebf2461aacf63500121daa8ab0680206b267ffaf532ff73b1bd54b7e40e8ba0da72180cc4dc0705e6441f6a5f0f8d3498feca84c89112dac88b8edce7186fa476ba65e6a5cde9196cd0100000000cee78285000100000000000000000000000000000000000000000000000000000000000000045d30edcfd5559bf22000000000000000000000000000000000000000000000004e465442726964676501000000170000000000000000000000003dd14d553cfd986eac8e3bddf629d82073e188c8
Optimism (24) NFT Bridge,01000000030e009d60423b92b72aec94e491b16a1856665cf65a5e3328564a55c92abe3ef564bf3153e541366eea5bee0115e3ff3e9da42b97b32dc04ee99f18d33265486a5dad0102adccb42ceb38d4a8ec6a8bc0c118520484264967e9c0bce49373fbf54d4980357b642cfb949128760f36ccb9f574afe301a363545c3236275dd4e7cb8184f329000397f9af5fb1423c6912d332de9ad9f0a144f1cfb71d40aea91fb1ba2337be50250171419d89edc1656ba45525b67abcd202343cd00df1ce965859536554dce3040104559761877722562b0a39cf7817a7dad52ea794e99ba3c202e8303144cc195ba14d305620b870ba96a132f30299a9f6d27793550bad4ab16ad8aac91c72838d7f0105658436eee5956bec76402f01582013155c0199d76193fa74f7926ed1c84c93d0224739e5aee380677d94b0adf864a1e2cdb77fb6740bc000dd2207e16421aa780107904cf4c0150ce0662916a3ba8e11186b09ce3da06636dca0788dd578ed4667975245bdf2741c93240a9709bcc168d09da04377350545b2303999650932ce7abd0008912993e689dd37b7e4c33ecfbe34c5ee7d00b2774e31608edaad9b6b77bca80f7ab94e5e136b35fd329b68d5d690df1a4a22c190989562a0411b3d9456f86c8e01092a2823aef77c0fd2c0a685ad703d637afb58554025ad0c2d5ba534896f019b98098b587b44f7449b3f98057aae69d43c31eda8af31f008947e0d9d22e4badb51010a8d5c207e4991b2781902c428cd52dad3d953ce55c2590c890b6670e16eff9a27011813b0b2c41cc7c58501ccfbcea2d8cf187b20b94ee7fa4194b1a060871530010c81261db5d93cb7673b22bf35c6b0d4f943ba7ae0f3f0ab47856dc0f93d1da0796770ec54c17c9ca9b1cb61cb3103a9f1807ccf94610d19e3f5f59177a99f467e010dba5dc0c654fd7299d4dead1ced1f950d326cab0bd1028ab71e216ec95a3aa66b555d7af768244ce3ab3105fc31378db13a981d6e5f8c640d63bb58e393ef15ba011058b3076008534cbc8b6432068e9d666375a66ce6d1bdcdea71a6854897dd7dfe40f62304d641ab467832a88a963465affcd82ad5d76cdd413bb87482f2298e6e0111f09630696430245be1ac67c2c346d0823d2ad539d6d6439874a1a7a7a81abbbf50c6228d13c896f59ef62e26b2814a35de4c7c2d07d3d28ae269bc62d444760a00121ce1f3eaa677b04b64ab07ba92d8a3fee5f4312c64ea521fca751c68f2133c0b460ee00235b4ef7d374ce3aff4d91e1c304f6c16fd94f98b74fb6b1079073e6f01000000006a2a60dd00010000000000000000000000000000000000000000000000000000000000000004cbb704b14864918a2000000000000000000000000000000000000000000000004e46544272696467650100000018000000000000000000000000fe8cd454b4a1ca468b57d79c0cc77ef5b6f64585
Base (30) NFT Bridge,01000000030e0244b05bf7235695b63627c86eed6ff96e17602b4f44bc5c39e6aabe36b75a5fa4796f253864fe5268480894c0a65283d14740a0ccc1cceb8c04208ea93a45ac2d010383a46e27fcfb607fce71384baafdb5af8415064d8d36100a89e2a5607632d06d3f4423391206c1acbfb1783a0bda32320e4daf78d50437352782cfc4ea95371d0105c4206607233ce6ac9c6f5c3696a17ba7769b79d7d01b72414c0d66f3f320977b43ab5766035fcfdcf700f59b7e91c2a4f4b288ad7fc4bdabd41bc8a2b991ada30007060dee194e150303e24ec672b60d9a52375ddbbc0b1193be8d8ba5d5b1c5a546531d444b28f89fe82fc22d9ba18e0f770208c1c0eaddf52756cd609a23b78b2501087479ab444d381814fd7e4778dbede50e6e803cc4bb800ded4589c9f5f638ac37660dcbedef73365dfb661858261d793c1a6d60201f9fdc9e1907f8238016c06b0009ed43918a6733c9716ee1cbc86c3b1f20f783a78e969a513e6ddaa6bacd1d7f7b737e745b8d29551b292f6372a085887316279f1b789c657438893f39753edc6c000a2d17048cd4fada98ee47ae2e59bd967ddc14ebc0442eea1424ddfa75d5fd8516353d12787d558847e145dfdcd5ab69c7425866a587e19e8eaf67e857a6f35331010b34d9e178ba387bad5a237287c06277721d279f6733fd60027337adab6b3f8e3356782cce80780efbddfcea959929651ee3c3a83b68c6367153ca4965b56ddc26000cd6807952724facb7adc79bf34644942bd186b27de6f28c34c77c980e71e545663c60149869baac14cda0ef1a4e0d50a6c7cc2753e2f761298687a8c672cb5d5b000d89b029934a34f5d9baf968978093831d22eb31468b690d02f87887a08568751812e67f4fea4f52da5a116cf51c2bf0410b35588dda12d50963d3610ea834e51d000e331eb40ff250722d56a739bd3267e099cf5bf4b608021a54dc517fa6f12d1ac012ac914502c5270cd9a5321f1a65cb73f0ec15eae104748122de55a6c910716b0110140f07813df50ee5615a9722b88eea5476962de214d12ea1703811b87ea30cea5ef486be7a137bdcdadeb0f0a7f41864e6cee0b9e4b78e7a53373dfe27eac12400119b2cc107b5a51dd3aa091e7eeb68105fab09ee50320868daa4585a9e8be3541c4ab9f358229166359b88f2d95c6d2aac50b451e21c912629558bbde69210ff340012c8273be78fae037efd6b27189ba0b4089c45ea5db3393b7aa4874e69fa655b04171dbbc85d1ce63f8bde06dad3946ccae7374ef4ab1b1a5404f82244ea0c53550100000000603f9da200010000000000000000000000000000000000000000000000000000000000000004f8c74e434d0159562000000000000000000000000000000000000000000000004e4654427269646765010000001e000000000000000000000000da3adc6621b2677bef9ad26598e6939cf0d92f88