Solana (1) Token Bridge,01000000030e0005d041155878a79b0c8b48aaf3a6266d85a808df5658de5c77715802ba2e38b54374a5a244b43c1a4129d31b47192cb80a565484e55f171c00df69be3107e32e0001fc342ba5227e2319c36fe7771d4626753960b5f6082770e57120b5057eb56c5066bab012670d532c259f6162f311458e187d7137298fa984a41d469df817f88f010349b730282809e94fdeb125dd30490e116ee6ebffa73296eb10a36848351a12c77e846daa5f6eeb83103a2d7325d7981fa4cae43fb84a91851c400c2573abaad30005ac798fcaddd7090a41b718f5786f02436f30d631e64ac46ccd058e87dabcf20f03dd4c7ca0e71d2bbd9c0cee90809a5cdd0bc72519abb9313a4d81763b48c79c01061cdc7c59590231f6f580c3b002ddfa5f41bd0118c67fcb4cb295ae239b74d0e322775d1e78c252eb605230e040c5af176e9ec5ab5f34dd36fcb202c894b6e4fa000701dbb19913b44fb2295a0b52e2eaa839478dc15c7d56de51e5298a9e0cdefbe22a0883f1cd8d7037f9f24e4eed1352a67fdacd30531f32021b3e349ee2a868a100087621ef01365e4d1f2e81ef9ce46f0d620cbf003ded06956df3e87a137640310037e8d605f9208a5e17719001fa662d2dcee1c500f0db1ec99119dd326140cf240109a406c0fffda03ffc741ac06743bc507d2a5bdb95eb1c6e3d24a41d99281ce9af20881add8926faec5ac33d3bf85c61a220dd0f699d713f4a453f18b2ad735b6b010a42fb4729a41b99029d06fc6395e1f676654002a28e08c073fe905e87883726b444aa70742c6c53ee8efdb004e756fae63bfe9a91d20971853cc0a8677ec1b0da000bf472a82642b1a3c7872a6594786fc803c8ed8948719f85d1ecfbf903deaba8505b02ffaa488b09e066a0d7210d8ee0871dd10d23b4249c942c64bd79a08d5f6f010c308bc162680851b2a94a888e068394bf4dcb5d5afab1faa350bb086884c20a535366302c37220db24cf6bf2de5abb904f1ffbb13afa624f0d413049b1cb034bb010df076e04e691e924bc9b4e855cc87ef67c237455e1cc3c96d5325c45f5c6002eb68740692e35a49a9e5147d30e796b184df6e7fc0633aa8286fabce5a1f99f0a00011d9cc70d9239887c638aa5f28f268e1c9993d34b0d33550ec373acd921d461eab31cdf77fb7c08f999d4ea7f32f48396dc1d0c3cb77beffb58e3ab5f57333a4b00012d64e7e0459fad8067a73e7fd0cc5b97e6794b5761db7b3b7d15858843ac044d112d2fa713d9c29d1c79f73434e2af1cd965c93aac3502b0f368652266d09d34200000000003681da22000100000000000000000000000000000000000000000000000000000000000000040d9c82f1591753eb20000000000000000000000000000000000000000000546f6b656e4272696467650100000001ec7372995d5cc8732397fb0ad35c0121e0eaa90d26f828a534cab54391b3a4f5
Ethereum (2) Token Bridge,01000000030e00045ea9d9fb9a10f83716100364a9c3d4560b00b1f960251ede94f78c0fb0d6c439b4fb60aaecddcd69f1b52886791eb340238d3a7e3fda3d372e20384155dcaa01011164f9336028b54d0c2183d6097e979da9ca30368102f5d4437643470dbd4c0c3876fe57223da274b2bab8746fd8535156e77cf7d8f78f7db69735f8814ab48801031903a81caa6dc37469a6e4ed1375de0d390c0dcbefc0ad9f5f912082610789a2687a65d91e7a100793a54bdd3b731c49ed38fff73e4e1d703db1111bb97801330005bac64f9a0642251ce45e7549aba8b2c9331be29d75b1ba77a9fd410346fbf65e68ef971c516f0423ba3b39c45bd5ab46f819a29d42b9ee8e261aab36affae8b501066ad5f52d3958068b82595b38aefacbb7247eb7cf31600f5d7f00b230f77f34f257b606586da3c1ecc6077799141a3573e9e274e0ca3f2ab4fc4b7a80c8dd21bb00075900227b2c63f7996332fb02f67f5a9779621625f4525e333a4da5d668780ec04cd2fda48c517d6232db3fb6d47b888785d2e3521c13d5f84342050633bb6f070108574496322f38da956ed90b56c54b4f6886083b201f555a3d764d9e43e00cf1aa5e2ef7c64a27384591458010ee8262ec1cec072625c3930202dabf909b4825460109857209084b4409ccd3f16ccbfc7aea3ea451b5dc90f8d41fa807163917b70b195140d93f53acb48f0972a94c90778dcd3479ca3ff0a7fd8d3892b50b57b671a8000a79f78e3af2e6a095bca2123e83e56bbddbddaadffc801c27c98f41bba92c4ac22a6c71d3f48616b9fab0a69af23e89c659e57fdd7a5f64aca0488b4ee83c717b000beef015fb5ea5c3cf7254818765295e0a61d1e2e2b712dcc4c1ffb3037869a4d561702e460650fcca55135a4f564d07469f79a4729e26bfcd8f804e672baf5a97010ceaf4be34eda4fb97b23c3ca74137e6c1f55f7f1df34a7f645d4beea457a2dc61637f2c8b6a9f35f3e13ff8f3a5cf9dc74a6389b7f19c453b578b2a7c35024d97000dbe6e237a96f4f7219f1d31f74d07ca76b9f11d3781f612ae684db6c6b000caaf4e21caea9f1ad947e8450aed7cd62599c7a6908ffcb900b91af2d80d7cd7660901119855d08e9b5c2ab854944ec5dda0f281c8d9d6408e89d43f6e2df91a82fb8f8714baf8daf7f7ad39c04ac19b39383a49f2db351d5c181c3f35e9b3a569668dfe0112e0a0a193c269f8d2db4acec3ed94fc6603050435ffd733c5f5ab6c9b12245af77b42adfac773a1860eda4500a266fd61292cc54652ba333bf294a6ded053a3f20100000000d77ea04400010000000000000000000000000000000000000000000000000000000000000004c550f77728915b5c20000000000000000000000000000000000000000000546f6b656e42726964676501000000020000000000000000000000003ee18b2214aff97000d974cf647e7c347e8fa585
Terra (3) Token Bridge,01000000030d02bbee9e7948d48240e3073429a7791f4035289b6520f174c261bebf6ea54b381a5f7d9402cca78d75ebbb3c607ed507443e96b66513e8903ce4e19028954a1ba901035c8ce8fd98f6d195f61ac14d11c9f7b32c6e94def8d8e3408dc823d4c9ef5089684e405bc8ea772c73206b5789657a7118fb4305e17e95989fcb7bc0106c45e40104ef231b924c6aa072ca7759542feea1991329ee7074b473f36fb6284b2e0eabdf074c16c99c77596fc20c6e9e5b046c3aa5ab40e7a9ce5fe11de3af1ba14219900105688905aa06cd3ff8f615f23566194500126fb294fc1130e246484fcd1205a6701c674440cfaa91ea559d28ea25e957e001f40156d38f061155efe48c87e7136601068b9fee5035523e329219b9ce9ff3128591654b85d39a3aae75695f5de4230a81594e2039d4808a7e72ced5ffdeb4d5c090f2e070676a064c4938d300c51df65e01079e67e3950f2bf4c08e48449d42cd4fbd8469ce65a3236fd55d17c5c3bdd83105571a4146ff7ac338f5b5a7a8e417ff6aee0eb1b15d0822c397552758fca2316f0008bfdf7cbbb1cea6bab576e02bd7928be74d1a38f6892251ef02e00dcafb3eb41d78aeb3aad2693d6dba2c493bfc83d729a65f81a8517523e1916624b8bd8e67290009d8b0ef6910a9abe3e118ae387185647367a6e8ca059bfabf88500b780e88f4f960f2a177c924abc9ba9ce8e8d2e96b969d3fd229c0c10a030e36f808a92de9f6000c5ec295fc7976a6bc80802d4cbba29df0eacae53e223bb7e0e64021a4787454832ba1be31d2157536b7e1cc2348bfb1fec63cfcb26815967450ddf2b058fa9575010d33d1c1558052c0866b204cbef25f9c6286a61b96dbefa426e85225effcde9ec20c0e283c794b18ba9d28311e0548a7c808456a15e57a52f447f8094cecbfa271000f7426339442b83039f2d0c68ccdce4952a3898956ff21edd54b6c237c6c7d801a6b7a11d4e5d5befc7e1a4dc9debaf6f74d1860d262d25efe1970bf70ac124f360010322d3808532735a14c6c523a9fc2da458ca9049f4cbc6c3b7a2f037275a472450c7c5d9a112b4869251392b62b2a82c1271e5e50a9ee1a5f255eebe6fca97ac6011172a1c02539bdd284b0b21c00841fbec1c4df9e52f98bdd2243c7c3dccced08c67659a26d9be3ee4eac2e2b1ff05565207ca305ac67789f0b45984f82af6a32cf0100000000eafd93a400010000000000000000000000000000000000000000000000000000000000000004b4e6895ee716695420000000000000000000000000000000000000000000546f6b656e42726964676501000000030000000000000000000000007cf7b764e38a0a5e967972c1df77d432510564e2
BSC (4) Token Bridge,01000000030d026f8d64ef762f1e7126d0ce149d9fa7c8e163acc4134cebd569e0c6e8158a7d3b45d440125e031184bcf560872b1dcdfbdff69363e0e41f0d97cdd1c8b23fe3020003e5fb20bbda884014f0a52c533dd55ab0c1a1e5bf9bd254bc363574034536424d136d1ba6635132eefd09aeaa14958b551cfbfac26a82fd6c9d41094086bc209a00041dd6e91875257971f47523df8ae3f9b7f19bc5a770c9ef8f895e8aabd34266405ab0455dd60d8526730cd74e254eda1328cc668ff6e609efc19ced8f93a9decd0105780c3128d5fd867773ffa699bc6391197bc4451392f8e123fe001aa2d47e443e1aba56a28c51e3c13497a8efa5ff601ce201a3da611c4d986dfb6ab99ab064e5000616a054fa2975984828f20debf639d15d4c8ca4dfbb19db31c2c70c81f36bf1bd206a8e02f5202707f2b762408480a5dee4676328ac83602a1b55619df56b81a80007ef9fd13737f9e7d787a18329718748ff951950cc8567dd0d77031ea7b70dc1184bc3933e259e87d89325be9c3fa27fbb9d61daf00e2a3fca8b49d63e6fd2831e00082b051226cb2e1b89f2f94fe301759a1e559edf0fb19b2d260cdb052e705f0fe62caaf19eb07d7c1a0d7470922d1f9b76b01def4dbab4df2d4a7736038f2069f300096c96c851f7386de4f628bede2be2c8a85530a4e079e5e50b7810d639939430f67b3d4f773b2c4151a481d0dc05b137568a995d307a4a1310db56814272f3286e010c8dc4208c78ae9ec3c6bc65c568a8cde4b0d2ea9687725354a557e3fa0f1529824f201fa4a5cde61b79870f574626ead8abde1ee08ed32e89f615398ccd782fcd000daa821071e0bfaab8f0e07db8be8b1d2725df6d91c93ce1597b3ae49baf3b7c22714e0a61dbd7c17cd2daaeae05478db53e41967ea000226d5a9680166c1f38dd010f46cd84cfdf7127a31ec4dc9d8dd4d67666ea1a4762130b11b9c92d3ec68713ea04b6171aea974fdc42b38a1823df3bfa2b5a23d90e8454622dd3a9a69c27cca901101654668dfa8a0506d4a787c02fd9ebf51549673ad589b4d82494ef15ce38c9547bbbd3c0346f65e38b415b39be5a99462e192b2b80dfcb89796fe18d68a90ed10011c9016546925c19d5672e4de9f93f8e96e09192ae6458ce59522a39536191e3d4186b2118eab268584cead31d176351e213ae46ab13faf52f0f04c96c296d7632000000000085d1925200010000000000000000000000000000000000000000000000000000000000000004fa79fce49a7b317420000000000000000000000000000000000000000000546f6b656e4272696467650100000004000000000000000000000000b6f6d86a8f9879a9c87f643768d9efc38c1da6e7
Polygon (5) Token Bridge,01000000030d023e3f20557912e47e3f8bcfc92d425d1c8f4b059aa552892f7960c61a5f5d0a7141e15ae77d380043686a8e41fc9edb4ef79931c6cbfcbe5d5a63c80116f8834f00030523eae2a37bf181e5879870dd6bfd31bc752e32696b1d06e0a2c7140e0112b8784a12b0da6bcd65913a8b411eb1fe35654055414ee90a22d983e63cdec5be610004f0446b5136e4a413dfeb09f7b050453f6db8341697ad7ec7bb1bf6a7bc003fa730df7f3b7ae8b65b8c03de5749290b9f6ac5db41fa370c3fa68a5ede6c6d03d10105bd59ae4996c229c40f8f0fd562042fd7b83ba049588296d40796d10d705c40895b3d3b0770dd17fedc024d1440b6d55f238a8a6bc303be5b6f851bb140ce2af30106d72414644ae17ae51a065fe66f110a2fe7993003f46e2e8dc396196de7754927761c56a57a88300fd4e812de2a3b9efff3df8f16ffdab273f7fbbb05eacc668601071896111b0e093d2020ddc317dd8756136241fb72a8b0a5ad0c89dbdbfdd93478137a35cffe77980f9d9894fc4ae0df6bedc530efe76621daf9f04cfedb2d7d1d0008a16805c8804d82971b10a0270edbfefa0a8e218e4c7bbd57377037678f01865a4822c0d2df6971936e4e283d443a003e492daedbefab64167282717ca74e7d8f0009acb88dd19c6bb63bd539c9021c09c17b2e7ca9897cadb353a224bbe052af6e3d5907e528c128d56df2d2050c52a33b29c1dd990e75383d7bdb084a64e4484085010c0aeadd15bbff6e5d3235b0fb4893000fbbdbe3f3420b71705ce8eae3a83c3bb47871b7dec96b82885d13748d49f3668729d08205db29ca24f3e307362bbd4b70010d504f8c81f2635e01221a3b6ad8e6d16995d440f2927f4aab1eead23f33df8cc709dd21609c562e359c1199a7fcc36ab23746c09f60be39abfdb8b594fe7f3474000faf74240ca2e5bf9254b28b85ab3335ce95c5c8116a7018de2b76e346f878ed5b6cb96f6aa1b7d378c93a897ca691a3cead5a24df946b0cb8978558f044aefac200102239ed032bbfc704cb8be157b3328c81f1c6d227a2eaef8eeeb78cb63ad46aaf4dca8ea91b92c17c7f11ad5e5e1ea05611dab7ca6bfd341c02b81a7608ab25a801119873e624878824285a8fd684effdb0ab24d994405913d09f207c5f4ee86d33d452a9feb7bfcfefd64cad1b2885ad3178b4dfbb9f96982e868c18523d3b04f9ac000000000006896149000100000000000000000000000000000000000000000000000000000000000000045fdbfbdc28c8aeb320000000000000000000000000000000000000000000546f6b656e42726964676501000000050000000000000000000000005a58505a96d1dbf8df91cb21b54419fc36e93fde
Avalanche (6) Token Bridge,01000000030d022fa91e5df8ef1a320710730c63143c72e8ac8309546c7b36e3a974cc42ae3188169bba1d62afb5a9d04d09cea0b6fdd5fbff9bd3828b9e43d40c66b4a7ac4188010355e8a4edb5de6ce386ba67204da0fb15559b43788cdd0471fdd560c4c5aa81307a6be777fc8f525fee0f79faef62f1a91f99465f84dad8ebb53b4df68a5322390104570a49a223c855bf61fefce149e52efab20d8be703f5a0decfb0cdcffea75cd9418ac7f375a8ddff481eb19494f0ada6532aa2bfcb8f5fe7d79ffa42bcb69d8b000559cf3254735ba37c09512da6cba3417892cef2d8cee64721d85bb652233965ce38d9ef1db109b138bd4a8a75bf05e414ea0123eda9ed673295d16aee13e2b0cd0106b9e38f4a941c104b1b2077061cf5212f4684795b90220f078fa4d38d08fe2080526c82bf9608197e594bb1e575789d201408ccdf56bf323b64ef173c6c75dd44010761d86f30d709fa3304322eb68d5e319af6696291a2c27d3d94314d3a94af6f9b19b60e64d4eabc8a3334f5baf6b087605b51ed3d0fa1049a6711645d81773bff0108216485ceff70b54f363e49c00a5418cce3f460092f119e2049eb5ca56b8bf4d358e57b7180a97ade4700bee8b77d047515e63e83849039a4b2527a349ef6d1640109c8990d7c964186a264ffa01291a23ef8ff644830d76a6b9d17dff6455bcb67271913c099e3597656ab2016152f55af78861e513787847f645bacaa3193c053bb010c847815ab7ce77f9151fbd35fff9767f73035dbc76c0683e1efedc89eb16c93284de384ad6de521200a1cef67279a1d41b714b3e3e558796bd287243453b81a2c000d721ffed26dc5f06ee8858b9595c8a57870f663f10f03e2ad078679a6373b24ee457eafe4bdcc7005f2a2cfb674f0c29394a64c21c81a59824965566e6859dcf0000f28f1f759bc52cc011fcaba0482cd4c3012e9474cc5089b185747d848e998e72231a0c8dab79041bbe804c13032411afd78a386df08ac517939828a62effb22b60110720e9720728dd34858fa83e292730b64991ec9bc8c2f999ab3bf3873f2254e4972c097153e9dfa4cb9b6ab2e2ffd8d9483ac7d6002754795e41fd4aab001f9c6011161cc391d56aead20f0e1169e759cb320277afaf9cf08adb31db58040eb2c97042cf92037df376c87c65e386ec0eb26e22e4ce5d9ace143c02a26612a3d2cab81000000000032bda66200010000000000000000000000000000000000000000000000000000000000000004e2dcca3b0a7d091320000000000000000000000000000000000000000000546f6b656e42726964676501000000060000000000000000000000000e082f06ff657d94310cb8ce8b0d9a04541d8052
Oasis (7) Token Bridge,01000000030e01d73eb7f4cb191bc1be510f3157a0ab1a568782c56431bddfc0a31e930e7eb82a0745c8c99f61c8a5e9adc4709f627b5c72725b8b5c71d015c155004b1d4c7bbd0103b669e11ced2a091e2f0681364464e226942d1082c4f5e45b6055cb686aa7c7a22b50a4f144df92e61b98597d5cdc5621eeb796eff82a629a487a802f8824ed060104e4df25a48526d61f02926c78460154e4993903b35eb84b8fe3190a67c282919343849513da06fb162e063b25e9912cb36ad55e24a6c08764284728cc99cf4f340105670579b525e67ba5b1191e81b12e9774f5d758bca780f0845999b0e37c4f55464cb69a673acac0cf250be652912296f383bf0db11e53a12ca69eeffb2cfba10800068c44ca24448478a41de9bb6b389ba27459ea948f942d59b1d9190d92725fa551649ecad869f0181e495fb1e6a38f1a80b9a89f12361ceed4b3e69469525604800107bf84aa456ee80232c6994dd85f27936811b69d7ce6b0e9558d1b7f67715536f55db9952a60203c0ff2e292f8bc7c1f1639469bb965f6b920e48204a68bb0689900082010fa5ea37d120ddf723a48c51e408afb696c4abe9f23b029c3d0dab928465a509ad0ec98d26c65e579d1800bb0ae8b2888d19c9f897363abaab90e028a6a8b0009a65fd7ecccdf861913a1336bf6b81838d051379180a1ca84dcba27b3b0912a143695432fbc6449c313b54bcb0640d5c3f8ff9853085a5d94be7efee256e8fc3c010b99f198f424bd9fba16709934d38fadd0d99e17e7e5311baca827f283e0c1524934fe1a040fa3900b89836f9ade5defddd288fdc051b564067bb44d7620134a15000c8d1801f3767441a998f1e8b0250aabccaa7fd00c246aca4e487dc0d93ea2a95f20cc7f8ed426f605dbdbb75915004e7848d402414ca035d0cb30015d4d57ff9a010d42d17c5cd8882d3bb6189974b97f3bfc6ed1466aa1e3392a5389c7c9b2874c461a7c2e432a0ea4642a59b731d78f180a1d60aac54cd33c1a90181798ea3d326a0010b0b79171792d1c328ce7270e55834efd38d5e64d3f78f03f4195d83764a00e7904a1160341a5aee387fc7123ac96db99a5abb57942a3261a2a8d4011ab4af7590111fae3b5103e44fcf295d94958985a709b87f74a0fe553c614dc0a1f8c52ac1aab5af6f4f99ab63977462f54d002a77b80fe580aae7567908da7cae9d6770414dc00125a65a56f6fe4c03d86f95971a3792c70408be4ae4ba3b3859d6f85feeb9e93af1be80071b4eac4cee1bb4c652d14f9aa46e0c6f5c5c239919a58dd243a12bdb30100000000324615c900010000000000000000000000000000000000000000000000000000000000000004e9ed430721bd2d8d20000000000000000000000000000000000000000000546f6b656e42726964676501000000070000000000000000000000005848c791e09901b40a9ef749f2a6735b418d7564
Algorand (8) Token Bridge,01000000030d039e5bf4669d56988cb0230c80ad566f8a24f31980424da3d1cd8c43e480c2ce9502cfead322a38ba14c56c3ebb8f6bc4654ef5c6e9d9c42288f47911e173c9ec20004cdc3ad95be19ae8cf7bdb2ce6c72f3c2b216926210d3c8ac1714f6ebb84e48e92dfe44e7b7263666b8ddea39f15672b6934fc0fe91b238043da6255db3ffdf2b0005022956d962de2bd9113a90a50d2f15e6ba333bd4d0895edbdcb8c0b1420c1bf00f296f5e275cbc5e23ada26387d060afc24d23a489c5d365bbec9a23bc13494301072db072fbf3369f9c7847f40f0d094c8db09cc676eb289957612483ef457808885284c915ecf079f623ecc3e32102bc60931b1bc00c0d4f2921b2d87f1163113b0108dc7424cb82acd69812fc1b80c8282fca998a95a8fc998fc54c9d6a908f1eed99629e45af20b3888ce570bbd7b7d9225c63acd3d73f6dfc85c65b34d4bf72ec3301095cbf8412e12db817ae2cae65d69d5c753e223bcbe12d554373af005eccf4131f718ced9d3f63df04ff75c7c1dfa0979ebc0559c8ec91a0955d4044b1224e9f0f010ac182cce8ddcb2503ee4331d7ce8f4b182195692e13efb989c693c78636b0cdd951a9231923b2b3a6165fc3f023bfa4b396358eb938694792b2277852adb3d2f8000b82b0c8cb647e9a19a20a1dd19250195ebb4c21a863453d425b3215f71e020a31613683874a5583b2d9fe280b8fdce016726edc4b887d9685a6cfaacfdf28a230010c5a2573e0ca2c3135f7b8b59e60b28522ce5f85aadd19e18639685a714c1e67004a9b5f22879912f7bfab0dec7a377247f1f3c9f8ec2c947a77f47ab0fc280f63000d5c74fb6dc919817401ad67c54cce5b1f2d74637177e4b742b05b4b36457109252968cd223cdbb737c2393852b5db2030bfdc0240b628945665122a1ac5c35594000e1e3e9f45e82b444fdccdce0d1c3827098cbdc165e84000b2bddec505846d32cb4fda5f0ad42f1ceb4f34f16d243df56987a6692bc83435eb8938f50a49e0b87601115721ba2b656b5f7292040fcb8a82a7f30d0267bfd9309823a6ad910fd6c2752c3d4853dced57c10ae8cd949258b194eac4e9fa1c92ccd8ce26f0d8944a9409460012992833ad7d51bdc2d64ba6cff99d2f278cc30411cd7dc14a7a0986b1529d471132281d00109125116e77c20997ff783e20ceb3e60dcb357992967fcc17d7979b0000000000a1829dfb00010000000000000000000000000000000000000000000000000000000000000004f55042d3c512d39620000000000000000000000000000000000000000000546f6b656e427269646765010000000867e93fa6c8ac5c819990aa7340c0c16b508abb1178be9b30d024b8ac25193d45
Aurora (9) Token Bridge,01000000030d02a2d7f318a1c6b67a1451a4aea97f9ed088dd3f6a77664c0d622b4dcf345c0e1b3067c3d2afc699cc9325b2806ebe9a06e18f4c03521ce83be029e005f7d8b0730103623c67f397d0033deebbd88b90f0245e38f23151acac8d960df68289ae1a3cc930a99d34715b477c1ad86e8c32710fcab86ba8367143805130564a06e3abc256000434476ea16abcd146ad31c0958dbdb7e902a6a33b96ebdf7db3563ff6447bf8244ce1e7ad7107db14662d81b3335bf13a5cdbdd4bcdf64d58ba32b728f0ab260700059f65d58322f99b02e82228751770781d8f6a1c6b15f8427a31744e4e486e422e7ca28c95c52af3a18ff2b04acf2158a544f3e9fadf73e04686f5bfe3e02ba6440006024ced58b330ddabfc3876df8721614e27e5cd3238b3fd11f366d11ee649af502d1cae5478db1658eb207ec82ba9b554d22341731f8523652dc5cb6810793efd000749480371bd9f827408f9c644f1a972ed0d3e1d80009002d5bab1269a6ca81b193f429fdebd1ef4847d0421c6e3a508f6d64c2b5da1912ac2597fcca3ca6b9e76000864d76959392889f1fe8cbd2a7a1f14fc18e843fefae458c436e3a58b24e99a9578537f126150576886ec9810c295b95b4d3066f61c81a172a0324149f8ee1e8a010945ac357751b9b3ff13be9d88dc2079259eb574b91391cd75e7402c399e157a612658d4d9e5282dcb2fd8b546fc9a4e192f3044c0a32864b8afc05ba838c7048c000c31ef015209886d42bda4fba51634dd51d59888b8008ed60ab27858a74a952a3e2994384e51ac9d13e73736e568e72430227b85cd0ce275498bde942cfb8c9484000d5e1b9586c226b8172add8139a5920fc5b02456339f419319959f69a59beac3c41c08dde812341ad855311fadd56ef1f2a8b48def97fce137fa718aed50632fc9010f85793957c2fc6319470f745f440a2ff4893a3d9145cdc6c1624d86a929e3ad004707927092a5951db71aa958bbea7d96026cf70c18771cfb0f448b2fb188b7f90110f8e40975afd07984d56563c5baee64bc39f776ccd055a1ea22322adaa4d2ea6e63d6c469d819db644d80013a3410d963109a0aaadf50bcbe7ac1848e6809e06100119d72cd35a66fdd5ac892aa61a519bdad6b06d2b51b831e174784491999826f8867c981439654a4e064eb1ea48f74f10a81fbacca86be9087bbb182045aedb9e40000000000639496a5000100000000000000000000000000000000000000000000000000000000000000042c2817cc9b0f620520000000000000000000000000000000000000000000546f6b656e427269646765010000000900000000000000000000000051b5123a7b0f9b2ba265f9c4c8de7d78d52f510f
Fantom (10) Token Bridge,01000000030e03a82a32d9a0119a29c5d5d1e6bcba647c82c60678dd02169c2c566bf99fb65d6a1e5f2403e963471b5e224f4821d1408b6f699d17503fb3e18c1092a926b277b40105b9989551ce1e5305f89a401c9fbbce1ddc5021fc909744fb45c3c4a973e14a957d017028eeffd884e9ad1247118c391df8395b3d48dc57703835fa78b3e968000006f8f70c6c33c36d010bb63d12eeff49a910f2cb0f20c8a1e141b95620be27afd42bfc2e4ab12278e4edb12e14fc6178d96d43400c80fb44e1b058913ce2903fea0107de9d9ffa18f7edbbbf3aeb3e4725779e8a90ddf1d4ec1aaada4c775c3781c85c455d37b4e8a3528527fea82c66fc57d543eac00356b008e8c3d1aab811ae5c7c0109763779ccb39f23ebaea4e7ce578f4042c262677cdb3ebc5fbf6ed2aa684606035baf518a0387b1803301c1d694501667283cea9a9dbc6bb086ef0f7f499dcaf2010a1cc87b373480fa0d17366d9660a79ea79bde2862bd74eb1e70ed5e3add45745e560a63254d85d0304886b4cc7cb84f43ceb0a2c67ed27059b516d0243097ab9c010b9da56edffce7fa25683702fb17a8f38905090d7a56f623e2efb4ce2465ca8c463aa3df6126842a743f9c8e63abc62d16ff2308a5de19f10991d378615551c9a8000cb63a1128063575f87a7b50ccc63b384d80fa80f96287705387d3eafec22cb0d70a55a1453c55ec17f868f274a047f750be6882474fb624dfd7f59f3665e6627a010d5a71dafeedee56cae863738c55e75fbac9903bde846770c4bd40d9864ac31fdc6f717bee177f2f380545b8c78e8fd09c60e2e726775aa948bdccc8ab33d8bb8a010edade1cfc075fdb4ef48171faeed7769aceab3eaed09581dafb6cc1c8c0ac944839772132bd9b4ea80817c2f08a8242900450db0d30369c9a5e70d22553ece0be010f573ddf1df2683cbcf8b68779d6a594712042ea077d6e4436c2f72fb114b5ffe31ea23daf21a1f66864b8c120c1eadce70c7ad1b77240bf8f9898c68f1b4dd623011046eea234a7226e0a902b5c429a074800e53b7ec3dbbfff5d1f37f99dd19318b242937e35950c6e4debac3dbac76405d77162dbb845942f5462101faa4c5f3dd80011bc0b5c1a809b20d2b115f930a41a56021e351d98203529fd5830fa6e41c0c66527ae11afc2f6789e2c5f637880525f38492f496b18d57e428b29ef9e7b4d2fff0012c62db363757e91f25a8f2619e0b370f0ce5a77ccaef99c95fdc46bd76507d2e97ca433aec7f3a023acde2d612c504ecf3b28a7ad817189236e8e2109920254d600000000008c6837d400010000000000000000000000000000000000000000000000000000000000000004230366eb9e6d3c4920000000000000000000000000000000000000000000546f6b656e427269646765010000000a0000000000000000000000007c9fc5741288cdfdd83ceb07f3ea7e22618d79d2
Karura (11) Token Bridge,01000000030e0238826e6d875ee99c28e1a7290ca018c62ef04fe0b1ec7f1f30e4d22c8dba96e101299f1bb5a21f66d8d07200088ffd9da08d1c995af13bfe07cc47573b401b1b0103272ca0805c8d7c6266c9a285ac39f896fb6db7771a92cd49b268b58fafc35beb3d1287a6db989df16e9ea61161455f0562e4251982be5c64f859696136ace32900046ee228d67e986f71b97b5003353fda9c1a739fc65fa632ffd3a9d9a3074585116241cc44e39eee1ce2597ddd615a0414d056519026cda7f5854b7245cc01101300052a0c536fe881773bdc285e9f01cf750f71651c143082fbe687df28d6f985b82e5f2b9442ee28cc1821d15133fe50d0b45682d55e1e601ff60f180a277224c51600060065799679aa61b64eee17a443cf00b39334e1589a959caadbfaf4707e495bee6c097373b80e57d2833727f948c846402b02fd2a0659a2b65fa37599a02243d4000793f964e8cdf46de0871ba47a0ec2cbf728289510cff0c8658ba443dac7b8f45f26b20314fa8dd8c0a9f3c6f8f8367ab6c839c375427b922e42e9c8378a5834890008fa46f6017f2846fafcfd9d974ce7d4821a022b85cc283c5dda6db38de6633fae12906a667952c6b4745ddde3896af7a7ea3e803723aa4796b27d64f8f18ed6610009126619c71961e3b5e9097220ebd470831940ba515672f1795f47fd31376d42b5220838e1a54bf7afc271bdd7b885c3c554ac8a2bd231cd2164d53e7ada4caa07000b72b042c82fe4c6269cd41b8c71d407dba851066855964cf05fe1a32038dd41e140ba200592476512b09e08d25c668955fbb3b0791c6c2da1fca41ae9486080d9000c2a11fd2b89e33af9471bea6a1cd7a999212ba273cf157677362ed0bc9e1af14a7edcb02795d3a0622cacd5190b3f01699db0de569f7cc91876152fb89a044208000dd41f9cf8e861a4d736e7997dfc70408842e2c99451531ee42a5a3c99902fb77a07e2cf8fe2a86874498ddd12c031ec835558522a593183792286a2c05195ed6a000e2f16ee8c8e2098ff422ed7e87a23804b9720933e006c72d84d51760dd3fb073e352f12a7b163edfde86665a2f915c5b651e186112080806c5fbb3db3d84fc337000f93a1bf75deaea42014dbfdf98614446e6bbedb530d34d11ba1013f9e287669d03ca535a973deee020cc777f8b725f07ef0829038270616887e807941e321f81600100fbc0b5bd2b5f87d6718201ab2cb3002b76d30f0c2ca07d3b63dd1b32c2eacd8198097ac1a7b83d5ee1a678c4c01f042916cd0276a278c383b15408b3e60511a0000000000897ccc42000100000000000000000000000000000000000000000000000000000000000000045c9fa2e92b0e73c520000000000000000000000000000000000000000000546f6b656e427269646765010000000b000000000000000000000000ae9d7fe007b3327aa64a32824aaac52c42a6e624
Acala (12) Token Bridge,01000000030e0086612b561f657f7d859fe080ee1447b97f13b6e72fd68cbcc91e5ac5b04b616e5a1b046272f22098dac0a63677b430fa156e08b385f06a7f5c8c2ccc453fcdff0102c2dccd6d5f83ec6ef4ba9f367f234cb08fca7013b9470d7ba157650d72c8d0f222cdc722b8beef49c5c005acd2aef221823bf51c22a792a7641ff84ca72875d3010398f091e8113bc28af6cef37a9f97ef893bc537fb6cd4597b6ff204bb8748773b5a222ec0870de3510ab0640d3974d3c76420cdf8c1916a8dcd3cb54a6745ba000004202c5c5b6632a800b91ccc3058e5ca5f39aa20f192e66d80a0b55fbd0360a27a2fd1e79fde5dbf6c34b91f49230dd0e032bb54f0fc39126af56137588c13bf400105e53de0114eff96a0c88a7b6ea3f5b01560fad040d239aa92acfd0950e402ee217559bbf1ab6138fac9c620bb9cc45f5f2827e56dc94b82c43978d7a97d5ddb8001074bb303a628a01a95f371a6d5312194e7ff47f7237e012f8a2ade6138bd0acd89395f40bd7c2e3bc3851ddf47209e7dd0e98fd773663ffca4dfb2e29c24adb73b00089bd171de7bac23b5e012e2f4302d5a8b7469f0e80589ff46f3422e55d4b205a41718e8e5315ac735584d50cce4cd1f7b5b997714d176991100e9150730187d330009984bbf980f2362bc0972d8f8fb323b10165de0827d13c3cb2ee95c1b71451ec6338397add1b3e57b85a9e0c219ac5c029fedb77cd3ef9cd797dfbf2729b1ad29010c771a4ec393e4f0545a5af2bbf18480807c6ad3d576f8e96b801e0269d4dba88e4e076b64300c8bb79e68b4a9ccec607135acab27fa65d136a0d20a75c60ad477010db6511f312fdb577d3542b4954225f32270645fc23405f4efda151073b53f54aa19c921105b24919504dfdf3ca0a27cf5df9128a67cefde2912425d3ede5db19f000ed08d351c0ad4a659a431edecfa8a1b0eefb7266f7f8f34ed836d9a9aa934eff0410f8e915a30528db04bf2a2b981dcafd41ae0f1dcf994fd76fec58ace113193010fe714d92060df8e8d48d89f9aa9d003cfb6fdcc6790c26e9aa1747f2f12b378b30817fa0f43b4a70bab18783853cf63f218f73c1fac5b5cea92f7b8400544464e0110eb41bc27c79098eb77cb7d270aa9b3b8f66f1f75ec48071ae7f39c0a803b63bf1744039b5e391f248b3439d767516329ebfeda9505904ed76c903d5aafa6905c00110094060ae0bd5121e051ab1311916d320e67a06b5a4eec3c08d31ce3795c7e195e08b73834ac75ec50949a28d83444c4e73ff07ef7bc1947a4b9b42b78565cf10000000000f97fd62e00010000000000000000000000000000000000000000000000000000000000000004757383b2c2ade11820000000000000000000000000000000000000000000546f6b656e427269646765010000000c000000000000000000000000ae9d7fe007b3327aa64a32824aaac52c42a6e624
Klaytn (13) Token Bridge,01000000030d02e48a9b823697f08a4806c8a5a08783ce10f26aaa60a3bc69d2a705ced4e4a06675cc9b0579dd2ad5a72f65500d7e5cd8ecc6f5e6991cc832e75fd250079b8817010392e65ddc65e5cfec721ac42e02241ef4d6bb457428861e32ab8d888ddbbc742b0eb1a5dde8b06ac3173f9f2a8c709271b5ffa3fbdb82c440cac17d87932d907101044ab8e98639fddd70eecf342c40eb09fd2a9ee9c84991b186835c6438e0a8d88a5adee107bb49aae0ca58459b14de61101694d7e2c88fa2fa1a9f6af05e062fc40105306e14a59e4937a7414150ce73211377ebbc23760bb1bb55ce4d5b6e6fc2b2ed0864c51045a3f4f9d6fed0ea1a3270eb27ee5a34d19337c1012649bebbb76fc40107694fb51dcf869265617d7c6b18ebd12c8a1d378c4221ef89aff88a76aa54b2355dc974dd439b673702017c44fb30a68ec43530c41e0dace438146a4fcfe102b601085549585e70aec53d929aadaecd6cf5204ec78fbed837a2d30c42a9fc5daab8d2246b1cb8fa389078f23b602631bd1f7af08c546192a855ac4413fcc586b537ab000958a29e434e654233942f2b71843f163f4b07cc506bc37a082055ed418dfca4724b035ca21ba94ff4b51ff88d1656dc0ce8035a61036a20a262aa23c4df99d514010b80f02f0074a784ae3152dea6340efc005a0e101036b18a7cf89a0102be1d8ec728a0e183caadc8c22f17a5e69818125819710fb7d982c1dd0ead6e854acafdb3000dc1f7f209f0c5ae96fbac7abfe0a8cf5a5df9ad6ebebc8bf789d8f9ab4ccc6b3c2af5abd076d211d0d6b6d06c0af7a91275e5cb002df29e322c18a5d0732e8283010e974d4c33abf76da3ef99f6e688f344c30a6016f509faa46a089cdd890937e28e1022e5e9fbb1fb9ebe16c1ca54896c6e1bcb14ca88abd2331eb07eaa2dd258bb000f1a4f45d9070a205c0ea242be3a638ad10e327369028879f6ab47d7185baab56165706896bfc8ca80993d3c25c9a80037d4323401b0dcc3b1919b5701683bd2fa0110e27822f43c0f3eb555330ed555896715b306152b0d42d2ad4267e10c7bac21055850744344fc0e2385bb34f7b2aaf2465bfa0a7c667b6dc2e7410824d3fbd94a00122560fde65296ee41bc03db3c19c76b6790c593c80aadae4271f80a42368e857c58374a3cd72dec321bd67ca8e08dbd2ec4576a1094e20fc508e281f0bc721ea60100000000e3e3c1f8000100000000000000000000000000000000000000000000000000000000000000047799d8f9d5ca5ba820000000000000000000000000000000000000000000546f6b656e427269646765010000000d0000000000000000000000005b08ac39eaed75c0439fc750d9fe7e1f9dd0193f
Celo (14) Token Bridge,01000000030d026b48da063e5f751a91b900d8e1aa0d15fca3b06969157453e545463b3cca72de56a2e67d4cb351b0d43a7835f9aee14a1c0eaeffb485d94898614a2a6f640f2e00038e707b662d2280e9b0215f642b751b1e4dbe38a4547a6e3cfb8f8302db145a2a115ea1d6ba9d5444290df3f634dfdde350fbefe7a635cd60095972c433ccb7d701049015e40397387e38e8299d60dd682db7df67a52b1f2b0c72cc70a6e47745aac868fd54d41b7715aa87a213bd8c84dc4b518632d775801310e17af09d0538a2bb0005cce55406328773d6d5d19868d2833c341f9a89c566e50afaad0d1c5eddf18472227c932c0ecbf14adce6932740c6043007c294e0593ed417787d7dff4ccccf6c00072de934434d336f37935889690961696b09709249304409d23b767761c46d3ab408242de2a353c8a3c09a98c78de7b58a2a9ea3a0bd8190a9e54d30227bc88e390008eab5ae5c18cdbe75fa68ee0d100b62d01768f38dd80b5607c6b9e1a12d9918b154af7b441e00835de46289648fa2ec7ad55dc73496a629ad39b26a067f8600f30109fddfeaefa1b180fb6d552cca5c80dda8e2d6a250652d920520bc2a9fa9ffabe94a42a12507062a4015591c2e9a9bcdd68cee2409481e053ad73ad6b857855b7a000be1d2843aa4d70db32d371df8bf380ada002b75c12f516ec28ac772d043748d7237aa5e18f674ac31f8008e1459b5678227a57e32b14591e1215a124825505a8d010d6e426df2e7ee7cbea91333f2eecfb19683e194e5d3fd3fafeb1876351f62776f6afe25a418e55594935760ce4886c62d08fcc411acee7314d88c7ecc38d3facd010e68cb769c5d42d681e059eef022a912125e4d86dd391f1066b74bf2af92a371dc0e2363db8d2a7cd9165af95452e6664b0727d72b823e0bcc76e991bac7853cb6000f04df79dfe70e8f5594dbac665a05b86fe0f292bf9a6432e0ee53b1dd83c846041efa83c8495a727d47fb49643482a15c08a02a8a029638f55963ecc910454aaf0110d8a58b36c86b8260510bba52de40015bd9d0a99b788c563c7405426488bcfb447a26da34e3151cb0bc4c8405655ddbaa873dad9db366e136ae2e4f72a5fd92e70012eb3c585880c66ca92bb8ec12896b44d65cfbd09631e1c9b6b8aebb5e129aaf0867b0dbd5d22590430973f921966dd307a9fd47710b0bde1b30dca028c5c414ce00000000001f77d2e900010000000000000000000000000000000000000000000000000000000000000004d918b69ed0a8cb4320000000000000000000000000000000000000000000546f6b656e427269646765010000000e000000000000000000000000796dff6d74f3e27060b71255fe517bfb23c93eed
Near (15) Token Bridge,01000000030e009391f4e4d74d097dbaae292a2191e1b3e47505d444f1eee2e7727a5d1541de0402fbcecfcb0898b61b1422a3e7c541ec8c84472c38e6ffe38fdad9ce32e2f341010388096b8c078d1a7930af3faddbd22480da3fd5df5830adbd4ed05ebfce6b9f7b5968b5db7cbf8ad3900af6bad8622a8c02324506b810f57c02602b6b98018e120004613497daf624ce8be2ff970781ea010f13e1ae73fbaaf82d4f2618189c91606269a2b99bc2e39400045d4d677f71349178c1578ba07b24f466448dd5098202bc00062087876f4a43e2f055a7a2b81abcb2816939ce32a2ce95ee39fa625b7bdfc9022e4c71a85267f2f920362c655247cca60819dc1b354993996f2e9a78888eb81800071db4d32a97b3914fb476dadfbf703dbd0bc86eae39dbf867b824b506f0c7b5482283b7e87d16ce515a3ea8196f0b625637c6ae6088ab299967f634ae66be5fa9010881c3aab03ef0206be2f29527fdd4fb8ad98529f21f46ee2ebed71705d34c5e422028a1c80ee0f87e1494d9221c411499ed17f273c64ff1458473e781fba5066001096b3bb76d7c3ddb5adf8468cbd0a3b6a6d9ebadcbc10e29a0d4f30e2905ad70a16f9f7d9fec52e90ef8f48ce0428a5a85d8cfc008354c4ad9794f2b96c0c614de010a4e23ace80190db70f3e615313b496a00bc80e40a01e25dbf57f1804f92185bf9771c1ea60165ca0d95a966b31184e6ab4a4b6b83e82a13f9e7466758dbd8ac44010bfa285466156cb293354ab79769e630085398e3abe0253c8b4a137c3bf96f901379ceb2f64f81f4d2c84ee7b14b2fcd9d73e4b6ed27197545035cddded73f9dc7000c42734a51ab194546481119c903947e49889b850540bb6d323222fed217e52cc535bc298eeebf99ce3921b96b71efad06959381d88b439ccc4ba466e32d5fb231000d2c561108c7bb1ab410f99697d58326f0e8af256ab988f98b4e5e3193e4bb9ab9427f0ed9a6dad9c5ab39fce63b52cf514c1118822a90f17fa89ab089ca480a17000ec8487d16115af83481d4615eec4a19afaacc191bb096f5fc010bcfe263bfc08e03748c79148784f53012e83fbbbaed66e4dfe3430f92133ae1d09648b444b915010fb5eba88f84850b20b9d55e96584e6718f792c53356e1a6b31855e611b41d7f706a0943c1d436ca7f279bcfdf4774819ec347aabf6d4a4bd97d5ae31f43ab25060010a0598060028e75922dfc01258dd8db848ab05418f0b94fd13ca35c4ab0b7d64f4e2737a104d8e2bd33f3626f9aad62440d6f1f20da1bd6baae3fa505d8e107ba0100000000bb04e8af00010000000000000000000000000000000000000000000000000000000000000004cd25ad66b4c6a6fd20000000000000000000000000000000000000000000546f6b656e427269646765010000000f148410499d3fcda4dcfd68a1ebfcdddda16ab28326448d4aae4d2f0465cdfcb7
Moonbeam (16) Token Bridge,01000000030d02f227a85a34547b42fca183d7f60177f40756acc43da1e07ef7ce97ed049e484e6f6a608e3ab2a999c5ecdddcc0ff81f3d512912ecd48b409733af707b6dc06bd0003355de163fab102bf7cd43c25d7798c700aceb0263c6391b85c40c51c6d99be6b331fbdc608af5198180cd9dee0be0c9cd33dc513680eff1600b2717b95eb50f200044b06b8bf20fc7227dac43c351a56e84895c2df902aecd7fb21b09b362a43950c417eeb96244f154805eb0e3e7aeb0e912eb04c6f91b5c93235fe657f3b2968450105b8f0069024af922ec28203751d85bcff3a0736b61e553e50b94aea6b003e3bd538dabf99df5eb02f4390b36c975cc22d9ec1ed9d66774e8e882283cabe7b03e40106c22fa08c2eb0fc8e28640a2e7732d5f06ac656b613e8861b1e342790bfc7b40a3b981fdd0798b4150c8ac3b05e34e1c940af78fd9500e7d2c75c10b8084b420f01070568079caca6aec4b781bd7e96a8fc938140abbc640579290bc197e1b89ffd9d6cb1fe2973d599a035be652e0f8b1d32ad40a067de875088d041287edfc4c6a001084d62ae956caecbaef4b8ed908aa6f817e48856e2e7f7446a349beabb5c159fc863cbb120957f7850f989f30922dcb17dbaf0bb98cda0b493c9fbf073077342fc00094cb45d8970a5c44b72cdc8ebb689fb723b5b9f659e87f1d67e287e0b699b0bb24cb65f3840ee5a312c63c38ed5f1c8e4c047c245b5e9749687c241125bb6723c000c208a03e49cd9e227650076609bb008d35fd055ac0bba9aefe99b05f09a9d758445c619447437c80aa08d8b2844998b3e38e69be4cf5aced1d260e7e809ce5557010dd5c5d0b921dab5c3de31059ffd1fba74d641720483a70c5c91c3db59cf6d15f85f02aa9a44e3e8b251aa2bd40d7710d8fa676782b3532db336c18a0f0d1a2c26000f32577ed3aaf4da367aae825879f0f51fa8cd71bf728b3d4de63d3e5dd10059310766b33d8c2cb90be1d801503edc91b5660eb7335e0bb19d8cd9a3c8a3de0cba0110f0462f01960ab426f8d916e264e5343e3b9250925c3779b2e204176063e06d4509ea88141d8e1e3b614ba913221cbae44d336c2793e71f501ddcbfe0aed57b1c0011369224f3ff8e81c6a9fb261e89917ef6d30aea54993c41fedac0ee39a321bb3b559a42a08a98cd98509aa72975dad806c85d0661b8b50915f73437ed42bfb83c0100000000c06d7c3d0001000000000000000000000000000000000000000000000000000000000000000455f2d6158fde6ffa20000000000000000000000000000000000000000000546f6b656e4272696467650100000010000000000000000000000000b1731c586ca89a23809861c6103f0b96b3f57d92
Terra 2 (18) Token Bridge,01000000030d050b4ce2af187dc8d7b0cd6d36d4eba90887a81fff30aeb057c649bc265fe06621114a78c9558e390565dac4d837d5cb857860f6d370c9e408f1af0762791d6f7b0107f004a0b9f5d4736031b93e76a2f7b5219c90a3740f135e0c11a60c8c5cb181b740e6773a8bdc7e9f770e1e6ecdc3d983ef69e1b97181493c8b57edde4bf717e00108a8d52257078e804104c2ecc72b23a0942b3df2e01d03b7740a66010bca0acd000eba7910884f929c6318a0e160d0dfd677d035ad76ce42960b3dc681458c755400092de35a61294d434906c78bbebe47cc30b8cca40fc43f6f4c76df0d6d894819e9229691826fe6ab0688989cdad2216dd6fc82a73dccfb7fbe7128da47e5aec032010a585eecc77475a17b3cc52fba9c00c8a9f9e17cc35c5102120ef241412de4408c5a5028b84fb51461f291f017b46d70857e27b2158461c31604bca90a7eae3234010bb0b038d88f809b03132c12ab42168095dc9b2adc366b0c2e9f35822c20a2db4a0cfe9505f156239cdf77bde81e4c4b117fbd087e37087b2eb19292895344dbab000cdd40be5b51d5d7eb2c2fd5fcfcc418e5f2b89927129a2e62c4af17b8d1edcfee490b13f507b75d70a96daa7480d196e5126bba2fe5040ee6a4d9f552d017242f010d0b7a14c0150e6a18e83112a64f44df31554d9fa2cf0dffd525df58da0d49bddd362c872fedce7adf9bfe96f165d9276226b74e4233e768bf120740a4ae49f80c000e913f08c48646027cbf517b8a1dd5fee70c067b880911d1eda8bbf11f7d3b895f1123d5abe503e1bfcb238290bb166573a1566b0e537301e78645cb41f53f6019000f805f3572820ec64d6000190e8a6e1f86925b0fbf2df700a595a3bd9ec73cb12901b8c41c662c95d34914657036259cf1ea45ecd6d37f31f3e2816f897d0388130010380ac2e62d0180a862fd46144fa51b84f4771890dc2c466f50be97561d1ca823685c621119009671e6b3adcb1f22532a2d924c5c92630c8544bf7b718997e33a00110f20c75ac1398952c4743d864705d9230d3f9dd1de25d77a0a14bbea00d87b973fa56cbe59762629e2f243c2e4d142dd34937fb7841dac6d0b1636fdd21bb0250012b9472c22e57dda221e2955cb8c11c27de067cf0cdd0475905ca92ea903ea121d1db07e1fb8cdbff46a142d42d9d51f758a88954241b388dd77a9e1e35f84208e0000000000e63a60d800010000000000000000000000000000000000000000000000000000000000000004b8aff76d1bfa735920000000000000000000000000000000000000000000546f6b656e4272696467650100000012a463ad028fb79679cfc8ce1efba35ac0e77b35080a1abe9bebe83461f176b0a3
Injective (19) Token Bridge,01000000030f001f8db0ceaaf637f4240c33eb389b54f4df08be7411b875cbc6e188834768001248289d8647079faea4a16ed4d4d657e7257779e4b118f49e4aca53256dc080560103875834d7ca6b71a8a0379332e8fc22a001ec8ea157053c6b168ff1a51501381544ee3a07874d41f5917484f0f1acdc85109de614ab12b3483b49d91dbdf7d49b0104e37ae8b219845ea97c7e071b0ba7acedeae3eff782c5f76fa66dffec61d0b9857ce7e805987f05eaea0e297faa39db40d9469aba572d3b53b859483417585a430105c318ab2eb560e28b87cccb44358b5b7aa7a9fc69f63c522480de0ddecdd7831a3cc26b29caf7f500cc7315a7aec338ebeea3153ac7ccf0e040febc759bd969fe01063080ac108214643650b1cb5cd88ae539a6bcf7156826032b8b556f43d5cdc4f810e4c3e2c619cc4577baa37e7276d1b80c905518a19cef1c4b6b6c756ff3ace801075059b85d63cc7ed7c1e7bf52a0e7891d50b9da9b478e35f0b97fb17cc37c61a30bdc8da4be112b05e1b17d64fb500948c75783b73d0ddcf74afda56732cc56d90008b8c3ba7ec35b724b50d2389df250601464e20aae52140177ebe05bad3c6fe4304139269e7e768bdced7771cc1c580e1d71acd4312f3dc18eda6d34bdc82abe160109e85b86a73c12b5bb4d3e1b00aaa3a17dcb2eb49651a9cb9a40514b97f350c3da4fac79176fa8fcb585ece4285fd653f9928833c9fc4d0ac9e85c4488c0f8fd63000ac37445a0b06d43a264edcf70e07e9603c5bdaa21e89649819f77e881db09d3560de902d5829a2b0db4239e919daa98ce9dbdfb518ed28b753177b821d9fc819e010b6f7883cadb448b2cb47ac77bb08f15e902097051c4f676436fd34744692e7ebc509cd545e043d5b4f543a1316abfe1bd9c3acdca49593ef9cd878896bc8feb07010c5e4a4647ada88624dcb1e52d11232dfb9a737ba7d46327975356d3fd4b3c8038448ba7124ae20e52eaccad10685828b7222d8be5cf27aecab13677458e30263d000d36a5d20d958a9c7a1406cb51b9e9ff4bf8cb5c8eef497acf3adda3f6c8b42bfd7deac245ae487b8c5dce504f2ce6c59d5824a57a288b709bfc3b422f58dc6dfd000ea114aaeb26b442a9b7a8e54f25b1603fc4c5f1471afb470b87df8346a5a9b70e43af3ae8850acde01788090912d80aed633648d936e499d5a80697dd4b3ed13b011049b889e51cd0131ee86b1980c4a156852fcfef66c772ba985da92f8236c1915015fa51361f6f8656ef937ea5976fca9a1c7cd3d8a646c3cd548a8938b7f4317c0111c0e4e03e67ff59e0e0f454a5802e7a7fc01fbd2bc728c2a8118d4168d807ab7f62efa069b343ec483ba45224d091c2e489439f21cf66bdbdb9c6abd9eec3376301000000004cd9a76900010000000000000000000000000000000000000000000000000000000000000004843ace2efe3b606720000000000000000000000000000000000000000000546f6b656e427269646765010000001300000000000000000000000045dbea4617971d93188eda21530bc6503d153313
Aptos (22) Token Bridge,01000000030d038f407720405fb547c5c28e6351584e2f3dbdb812769f2ad5a85299d8e130d9f472db0499f5a80654ab2e77de3ef482561e543f0355faf7458e0c9d1e4bdd16090104d3dc920740fc097c5e1c505bdbfde06d97ffc6f9e222b7542af499878f5343c56a3dfbfb4fea8faafc2542138d36378e7b2be3f96b61376911e107089b8a0659000634a1bc02d1e73dc3ee726eb909014607994b7bb0efd96df798f497b385f0139a19ed6506f588db060f370cf5ee1787720a5cd5de445f633afdadde94c462cb570007fdc715d5365a0a88ec48c891b78a5abfb3c111b0cdbe72b997de8e50350b21287e0d037caba40e87ac05dc4417f00d76818a72ede08c21c7f28cb95dbe072e630108ecb871d82ece81276b023353259d54884b779f26a5f1ac4b6f2d816a23efb8295a04173a7f170cca5a60cbbf2f82bad20c2eb5ead8e94f8af317d7663b7a0d24000a06c66cfca7a9299b3b447a9b783ba8d91469ea64e4d1a66d50ce722a89cafa5f2237e2902727befca958e87e4cf8261eae22f25ba4cab8e5a596de1e1f1b66c3000b4c314bccd334d0f51e8488e58338854dc50311e453ed1464c9bae8136d7ae70d521bf5405901c6c602b8f49ee9d77f0dd3d3eed61a1b83048ddd08957dbd855d000cfe19332e5a416e337eedc0dcc780f468b1a8803fac37c92389051e0b8c6408f15ce80eed5457514da8331d426a3754bd4df47554829ea45bec74178083144a00010d0488696901450e768c10e35f702357226a0885a78ab4ccddbdb8b839ebbe365e4310cb5f578fb5bb402e03fa66a9f5501a99a913b1a3df7eb9cf42f163f1673e010e20c84116a46af0ab0b57b1dbda4a26879de4423545f5a56e1ec4a0dee1bea92b5441b92f24f1484b6f48ac1c420fe5b76b8baed78c9e49d65314a402a2570876010f001b7585d62bb4f0835eb56b91c369d3519698b33b1e0dc31b05e3a176b193404a8370421624588999bb0ff810f29a0a944eb290af8d30a79b236942f368d9170110e2ef3b45dd8a4c176d77a0b49f42837da8921aa3da1cd97251480cfe2e90253274c032297b3ca92a53d5f91c5d5c5831d4527ae57814f7d6298326ffe5adbc0c0111bd2d79db82c6584a77a4e397c553433488bb1d5028b2df6a804266e3fa83d6610d2d40d24a67ee343fe51bbad1c5eddd2c6cd92183f4746f7b6d9a7d8d91bb630100000000acee7e4c000100000000000000000000000000000000000000000000000000000000000000046facf77f2615449520000000000000000000000000000000000000000000546f6b656e42726964676501000000160000000000000000000000000000000000000000000000000000000000000001
Arbitrum (23) Token Bridge,01000000030e00e3b6513ce65007fd3bfa7b082e481ac527659a806d5f7d4bea92ee5e9a18380c275bad7f8922d63f940367486d73486a52ccebb4b5a778781095efd9325957de010307b6f95c2222a1eaf80424c2b03972a67604bdd356c5cdd653094679baad36d65cc332836f4f6712a051b505741f2cc0c619b175531a37ddea0aabc3698c551501045bf91e61d1e8591e0982e96c2f30c56353b9e76cba87f739f733cb189b8ca3fe3f866abe1bdb80d15626a50943ec9ab8a721cbdbf7ee1e1e8c35f640b51796e50005cf41529805953769cb1ffee78a4464d1f0ac7c685e1a8efa0e802a60b3c71d8f460ec38249f49cca39df3b10f34456f31600620fb3abf4d463b6df44d6a44ec30006545e16e9dd2290239b93526a963a0f4692b87af29ceca768332b3adb64e3bdd361666c0059fd5292202c6ae5d44c28d661197368b7d03f2e57333eeb12d816c400070dc4bba6d86eabe5a3ea6ce75a4bc0c39860ddcf95d7e333f0cbd6638895a4cd172a5c9df97c5bd92ff82bb0302681dfec1d7223f729279ce0b279f0253d4b160008ca122a92a690553293a518a22888d39f2883a38af4df5712f17d06244f738a643d3e51be2dd01da096cc6c7256f28feab2e303612a9a89bdc7036fe3a66de2a30009ff57fe55e105b62b1fe27d77a4b95033959e7a5e7bf76a23ad7de4420213350e43e8ca70ce18fe5cf4fa7722a28ea23099e37d9384b119680ff5fe213f9c290c010be0fec1e4febd3e2272c9c572ae21c4f2bc64b0ba21e3d5d633fb92d5588356127d377591e42a18539bb824c952790d6c7c6001ab8c4506d0706b9778ed2376f6000c7627a74c1ade8a15135622d3bdbf5b221eb9396e852718354de1a0a833d959321038f1f4960bca12849e27abeea28afc5fcdec1d220ad2925d356c4ad3de95e8000dcccb8fc9b86b2d1283908a1366a04d8dd8bf13b85601b6fad97a003f53094f181e09e10dd89d15c152457d6e1671102cca4b939534324be5e6c0eb8f48f54af5000f87ea7871f65faa3c61909942efe63a5c5687a78a1c5700d70ab77d08770b90106a203b05e7286944fe59ef8853d8af317beaef088d8652a66ceae2012cbb9cfd0010763bb571f7c2294f1edc5fa6619c23960eb775f7a4f98daa3c640909dac0e73e31aa8e004559ff8e70c968202f59d1b1f1fbd78a341e4e145cf79faa3486047e0112d9cce60a1e689dbb340ccc53684b1d93c3c2263610950e5c87559174514bc51116163298c0369ba416169d9d7ee6d14d6d87a794df94c943b40b2ea8a6269c4b010000000065b326e500010000000000000000000000000000000000000000000000000000000000000004b98f7fb0c87e6ef020000000000000000000000000000000000000000000546f6b656e42726964676501000000170000000000000000000000000b2402144bb366a632d14b83f244d2e0e21bd39c
Optimism (24) Token Bridge,01000000030e0034614d6c092ddab582ba61976b34697c2f5bfc22b6dd070ec45db9a7df409f78586c9cde3b92fe9d7b1e6b12a954177d70125af0285c8fe7e6003483f95946370002c0d0e7d5841cf2448159e79e1c1587c79cb91aa926db2dc885c62a4639da3b2064ecfbf9827daca8cb2821a8e54ac927cc3aada700789dea3aa0ea0420e9f0fd010374e8665ab3d4da057625525eaee0ba008606c5cc3ebd4d8c1415f11593b1e19d7da43269cc199da176c51601767a7241d21c9673e18d4a3af42c33d7371152b700043d807c4f269e41b225873be372417f8f5aac00d2cee5d07f0edac1dc6d6f77b63b372f931ded0afa47ddd2ee1d9a83776397c29989b75b398ca1a51175c30ac70105d15c6fb69cc99df796feb08a7c2e6c1c28a4fdc93d2672a42858c797f23e5831529a3e152e814ecfc63f10f1d57887256475d3cda24c22eefff387411b610e3d0107ad3d9208100418b6d264da75b25044e8dd122d92b5f85e1a8ecb6a0f5a988efc465db0ea31b8274d7957618111899799c17c93a4a3752352eb4cb462ae0c915a0108800de72a5099a2c973ac9d4dd8a3a820ac574bf7a5826e7a8eec1f268bff39da59e86e7e5360ffc5b61591a40497fb6093021926ab5fa7499ea4f43fdbccaa0f01091f167188bfc31b575948edbe5adbf1c532226f0baad6973c34f57d5b81a54dde3c5826db5b543442e17ba8fc3e3524dbba0a9abbbde8b4808078702c0c5fced2010a4e1f40f6ca78ff3132b9acd9596f4d4257bdbceb34beac05d8fac07e23e5a62325621f1cb74a0a39850621a7b81d5fd08fe56c88257a4bc2b4f395145f37221a000cfacd7f14083511dff87b62f41d35a02c8d379927f431d8aa4f7cf2c594566ed30f1f951d3687bb7b86bb05726f1302292889c32376e2eb3349c3fbbb2619debd010d76d65f7e10775e5a76f50913042abac05261ae233451c6db1b0c4e7ca9311b4a05f2d67f65fa9766f6c657a92f384f47199eadce527b0bccf6378e5b21fef86b00109acaef1f871dc6223b7a3a6c628506b29b117023718e0b34aee888ad7eabdf1552b734d16c52350b9c2250d713f7f50476a370c47c0172a4510c0efd409602af0111b0dad38dfe1ae34cd8651d17a762459b9e2444362eee6fdabeb8e8ba08b5c37c120fe7d58ef31267238afae085e6c46f35996d6700739372f7940eab4c9b6b9c0112c682c5b9b09a22e7330c9646fcc88c52e6016510450c02e1d2fb3c9db43302604f7fd50249074fd61e6fa21ee2ee42b421ff22ba6f2e9feb8a0be3edd3c0023b010000000017c4c6a400010000000000000000000000000000000000000000000000000000000000000004562b3615eb987f3420000000000000000000000000000000000000000000546f6b656e42726964676501000000180000000000000000000000001d68124e65fafc907325e3edbf8c4d84499daa8b
XPLA (28) Token Bridge,01000000030f00e94b4808ace06e1795157c10dd9e23f3936e326136f179a3fb7b00a18415f5a361c72b195a76d51928b1ed721bad2ef63f509ac852fd46f83fb5800cf2c9fbfc01036ca0758b0992c1a5f18cb5bacce13db20c18e03946084c36478e905d6e36e30b6ef593515ae8b0768a59c4d2632d52aefb8e4921449ba6268bb447de67e75d0d0104a2292bdc92363c459019a820e8834643f35b1477689e7e4a33e62ca9839e44ab3bc7562f893ed75a64afb245355f5a1155797de999aeda645cce8faf885547a0000523fa45cf92d7eeb11c36343ba1c5e17f99e417bee10d9f3a6b73a0e9b251fd46772fa1687d5d0c41e8480c511292bac1f521ed8d329189747abfce3da1f1128f010783727dd2756b30d7b77cbc179915ee150e9647105002d46e4f1d4ae44b19e7434aeef2bdd46c911fa4fdf01dacab3f80e246b752f24633218d0994adaf9f1cf10008192ab5ea8f2206d5b309a9834cb132067b588ab005bc38e181353b8ca9a3750d21be49e99ff8618a9231bec03e78a332379857384a0a130e93c01e6f6f8e32d300099ac58b0f16b460cc987aee0d06256875bbbd541254aefecf891946d93a8c70080183dc2255710acc87a8ccc1dbd41b14fefde1bbd5af2d28077eef081e8b22da010a20c1f57cc59c9fc896ffb347e0a3d4b8d2d8212448d9519a52b1fc5d0e6087f74913fe890c344c0369b30c41167ca19a405159e3ba0dacaa72406b23b0ee735f000beca147e892548b2b771061fcc7674fc027a4cdf86a273cae32be91d3d84a7620421f91562b00ef96da7c2f2a6e4513f1191a93f56d221d52724f3b3b7edf3f48010c24d08d8a33663ce9756c69c744b47ffee750d0f7f1c1a3cea105873f0c0a0279563f4b92b130ae3debd73c7342461d7d177ec9a9fe45d2b6175ba106ec292c86010de1694567f84b429c0fdeee88b0d65b8fbe0b1eb0f9574d6b6d99001bc8532d79203571d8360ef565c7108a25e2f7ade1d61cf808c0a2b436eb86ecd510e652c5010e7079a3a6c9f32ce20e726463d03aa650e81a677d452f76787e639984d6cf3b3e2cfea642b08c8ae6172e5e2f6c6114b787c6d9b2770ad17d1edad2917334bce8010f86d02cdc1cef14d43ddcfb47c9a16020da4feba940b4cfffa474365a3d9e31fa14dd4b10026415178ca4bf9449b9b30f86b4d79664e2f4abbcf183f221539286011136426e8ab92889c310079e1c85e5249d8ff5de32a9576edfefa4950379d6b2002c1ddeb03682d5b68e69b1c1a5aaf54e1763e6ac0ed1eaabdf8d90ab97e432a40012454e859e894e375defb136926a692171a3ddca9ef069ea1cd0501536cbcb3cfb1a4a700a837205237ce44393ed2cf2110592020a11c79ea27d2c3c09095c537e0000000000bb75823600010000000000000000000000000000000000000000000000000000000000000004c55a1c78b494ff3120000000000000000000000000000000000000000000546f6b656e427269646765010000001c8f9cf727175353b17a5f574270e370776123d90fd74956ae4277962b4fdee24c
Sui (21) Token Bridge,01000000030d00a42d36048a27a763413bfa1d261daeb86f7feed7a9850d9915d8c44acee97dd4327c0351648ac4d496050e6af6534badd2b86416a5675f373e5a5ebf876505700002349ec8ae9aeef147e87b2b06a475d6ec760c20680285ecdd6b7b400cbd67504232e0cae965d27dc9f0a83fbed40ec0a759bd7ad9a014a69c90364a1df88048dc000323d01a78c01887d981e22ffb0f91d02c1d7f015393513db3f215af64bd9cb74829eb08fc9895f8b1247933dd23c2b71ac1bf5bbefb8bea829ab2f6b94317eaa901040305b91b17227313395a861365c8b110414e961ccf25a2b645226e6a307e488f6dace0896c354425f5dfb6b0cb968ef1f752653cd85179b9344f215b555601dd01060dcfd80b54b6f43e502b9628a5a2b92b453fa96718397ecbe0e279495ff37c0835fff5ee7f3b749de287a0c3440105ddd705d06975d56384792373645b7787df000715985ff2cf28e3a8062d9ffc7ef69fbd7c56082f0938cc564586d0dbcacf14986579e7d7a8629dc8a9cfcbf0c97c46ae6492d05c5fba193400746a43b6f1123d000a5db8adfca6d43dd345e130fa0cae250ac7cfa364a29d47cf219ce2b50d6f930a0e1bc399b5b92cdec3d00fcf6f2c7f0732996344812dae85afcfa077c67d94b8010bf68fe7c2ed3aaa180b01ba28052fa63d72509e642bf45f8b5c14c582d8e6eb99514d41ab7fd3f6451470e02a054a3630e347020b6330a8ec23efdc3e4da4550b010d7f3ec58dbb8ae21a2fb71941ed80d646469f1992e7fdc32706c327bfbe01b98011e8b377fce487237f9238fe9af09991f5da11d85aba5a4a81e99df8d066aead010e18e7de979a55bd568b26754fdd7d9e7b03572d742e5657f944ab35b44398a40e07a0c2399e13a244277138375e7e980bf6b666f39bc2f86afd2605f0249a5a53000f77d089279a354b7faa1f3fdc084f6e0ef684d9bcce8d9fb11b5568c0d0b215f15d54cc4383e1b7112fadc238f750b885f5f81a21f84e00ec4487a8064386cc2e01106d9d3067e19413e985f76852eb0cdd071fef659540ddf3a9d5610d492a68a13c61cd109f64c977c1274f9782dcbddfa46ee94331e02f98ba8fb37e22300bd63e0111819a499e30feb82190736054d2993918aeb591e3098b4df77630e93512fec4c122f2cccfe88f2b735f42a06571944d800f3dfcb07de7956330515ddb3c9a41360000000000764b7752000100000000000000000000000000000000000000000000000000000000000000047654167e9520c1b820000000000000000000000000000000000000000000546f6b656e4272696467650100000015ccceeb29348f71bdd22ffef43a2a19c1f5b5e17c5cca5411529120182672ade5
Base (30) Token Bridge,01000000030d025ab9fcaa02dfe689251b2e7906e4a19d0badba35758178dcf2f17b80cde8d26c765848111afd52f03aede53c2f560e9760947d9cb2b8f0e5f1b841db41f9831e00039a06438cdc753aa4ae800f10c78fafff1296dc778449869104d26a944f8a735a57da0fe3c867a6741dd98ca589f7f8c293acd8507e8cdf9995cba118c97c59000005ffc63796fd35fab17fbf213f1e65295e5e0bf0c2d36c596c7750b3977b9cc41d1d2e63511abee319f05d753cc24de51d69a528e64c7664fdc01ab565e9dda816000680fa2ec4e1bcaf2e017a78642ee5fec60751b815a20f1e37fe31957478997fe61630aeefca76cc458dd44504a02fe34d880e81a960f34ee654bee523d5315cd10007d5a108f92a4ef89ca96f1d4153f94dfca65a469c1b0367f1e4ba24f8273ea3572173f3febd60c1f4a33ced3a56e284e23b90780fc1f1a1679057fd304a6a24570108f092e76509257f8eee0f630e18ed44046859aaa86451cb48ca8ece8b29f794205ea1a56b2a69a9d9c07ce21f91eed72d6fbebcc59eb17c06b4497338fa4c6a810009c778d7624d4dcfbf5c725ab3c057900eaee4ac9728c0e5a65216455c6c89afca4e27eea911e65bba285b4275e6b10f7cb4b119e940ee58981b986bdd4be650da000cd21048771f2be56761ba2a8501e28dd3c59e2ddffe1121156dad1cc2d0fb5bbd3423a7b19b6e024d834719fee64625b8e0715de37ba84dd74ce634e8c4a0f08c000d038bd77a6ffe73974b7ae8c9d7aed8029b6b9fa42c2f661630b00ed2b4b74df713ed414760db30f6bf762879cd27b44f6bd71bdcbd92cbdd4776d79636428c4d010e8cb6d1cd45bafc85a0574f1db14ee629511d40870eb1f7614d4e93a8c2997d1c3c413f59a8fc5daddee533bc9b6c3c286e8bd1a5dc11a4f23708ced3d4cd0fe2011006418481fb3854bf787d77b08bc264bd1152c64f44fa86e24c9864ea2440789335476848d347a85bf6c2e31a83b3874455d8a912bea8aeeb7db302a81e0e8343001129e206512e5047c51ff799eeaff663d95c41ff22ba9f21730e1dfd0298bc863f3db21622f6388ff38ed69bd2dccace0c2eb8df2d493a74729b4965181221093001125b9582ae58fe454f633d410266fdcd4a098ff98d9643d754f18f4184007598f929a70149b48ef58eaa5badbafbed9b0670df8195058b3c1628531508501e2fd00100000000a62a41cd00010000000000000000000000000000000000000000000000000000000000000004e4f4552fd06aa28820000000000000000000000000000000000000000000546f6b656e427269646765010000001e0000000000000000000000008d2de8d2f73f1f4cab472ac9a881c9b123c79627
Sei (32) Token Bridge,01000000030d03e6be465d35dbbcc957b5803283ee89586e56d0ff29f0a530d4fb96fdc69028221623127de2d6115fe060f55840053f1f9c73b8d4f5bf8043cbe9a77ad5f428fc00046ae1f149be927d2dd8cd4b5d38c9aa0d6b4e2883dd52e742fea2d20e22af25e10581732281dcf59e97755219ae64e408ee6be20c68059da62dbd8e6f86690da0000539b965de3dcfd312cfe5a1b1b3999d299b83d263b8817278bc7109c061649c513582c8ab46f819cc98f243e3b0b8dd543b7f1263d443dbef34ea1e9c023159380006dde501b50c618965ab1766d896d9b919effc337136a72795cf0c47a5460286c4006685ab5da24c21f8558c1a392b62291e0172deafaf486918b01f6ffc73d420010839a1b899424789485a8e2f5cfe59bd731ca62a37228ee7bd09252aa11e6995f93c650360e66ef878cdafb6feca334b0a4d69dadf802a8fd0e228ed0af5467d1701093ac07f14460a31e577bf0910718ee0dc4a28743d24c61e58e1e4f275ae05bb16238043863aa160e522b3a32ac276584129e98a6a21490ea26e0e60c9a71d6f4f010adb8ed8e54ab1f9f7a7073a0135bbdde881d2baf9699076ca15d0fc0438dc4a681d27659205fc3075b414881b602731fd6d53a2eba8c92c78337e8ccc00b325ab010bcc9c74a50ff0243ae8c3189449ca86ce66ede52a495b53d7461e4001b75e762e55a9ce5256b4d145189027c32f85d56a0a891214afaa521607858b9d7a8e043b010cd70ded635f6a295b4697cfe25adb8c10223e2253d0637ef7a0bba951e34f62bf0216e186e406be8ab707fdbab7cc5673c0de3177cbdbc6ca9591b27b5fed37d0000da39343ac0b8551d7bf5aaf4a2fb4c606649783ab2fa803012174a9974da5b8ca7c0e1633e35ccf8d539831df9636ddc613e654e7b3e207265b3457a6e6d81cae000e5d70e2931e4f223d5b06f87706f308c933f6247ffc3b261e8a9f5c75faddfa7c66a452ed16337b0bac026dd5974a82ea71ba32975ecd1cd490eee3326330a2b90010784a772c9a9d3ae20d3114c74c6eecaa3ff467b8e7f3199d0bd0d45bcc719a26579d6fdcd69f02d044e45118c94c92224a2da9a18f9891d82818fc170c2838ac0012cd71e7f13c2122ddae87806b2c531cb8ed6c7cb0df5243413f751914ffc46780294d91d651d4f76efd5fdffdd3859053c4204bce0fe63b9c3d88e5438a5a790701000000009f745aeb00010000000000000000000000000000000000000000000000000000000000000004a69638d9f869868020000000000000000000000000000000000000000000546f6b656e427269646765010000002086c5fd957e2db8389553e1728f9c27964b22a8154091ccba54d75f4b10c61f5e
Gateway (3104) Token Bridge,01000000030d03340e26c720f08f7cac377b3430519b79e384ff372073390276d8b08de2555eb6446ebccdd500885b820f74744a97406045ad1f8859675d8d736d80217be188e10104cafdc898b86764dfa1ca0e6bde63d98a148ab7426926dbc08917bd9406203e743d85d2b627c56fda091f6d59dd8fbfe258d7e37acab4157c4e5758dbe4082f230105638f2bd31865a42083fb97e82d8ac92903a4fabe3ab67bd468105ac5e4a573083965377bbebdfcc8942abdd78c19d12e29d9b6ea07f7c9058e8da0c7af3cea830006d8903627e8f420a241e837683760b429cc9f97f6a34ebabb5534dec8b7a1a3484c397e5e3c1948fe1c22c16777512eb34ab7308fbe57d17de1e36c5f2db948190008dd9b1e52d65cbb8c6ade8ca6208f1261c4219b486e954c715fcb1c64c17c60d67761cf425b6bea46f2471ceec6b05b459413500f5d5752375835574c8bc2841b0109fbdf9129521294a07c0735c9989d03e8023110549b2c0379c50feb38747f456f0d06aecbad914147d08bb0de67f2fbe78136493da7e047db6c21118d052843ef010b28be2248c052836e784349813d769de36e9e91d0b35645effe8340e56a543c2e78c42f999d098a91bd2146cf9be4d39c22be7e3cd784c039be3ab8d71d03c23e010c184f7ef54a95344d0571cdd95f8332b89dcd09ad54860380f8c960bc091affa73baf2d95dfe217bc00566cb0acb9b616751dee0749396af59b7e507262047f55010db6deeeed83087da0f4ee7c0972ce510fe9b70b0e4364b02291fbc6eb4b0701576a2b4a009be891ce3a4c667f211488a5dc8a8b53371f24643326537dc1404f7e000e8017c34c68f0a3bd1927e9037b00ce30032918e9ce16046b7e1b2d51b05101a4678c4079a3632ad07358142de78e616b1710996c5a01e140b7a326d930dbd7070010b126b40f924dbb06bf8aeeb1dad8622d9da7f9781edf274cc35c889d072f95705bc1d1f22f53f96007e6f40b8e86e2e2df5ba6d76f5ab09ee2dc9d30c344060201110dc68c7c3d130d7d0521e86a28cdc084385a1bd02d54974a452d3970b20c93ca586fa8f4976609cf45a364a7d12c4fe224b159a99317313fddc05ae97fc556880012ed311c9c7c63587ac455997b8efe6c13f2fbfd516e54362468d711c400b74a8d11f4ab0c56a81ffd5ad7b040afc98ac6114bd2b5b1e66c83f4179bb80c3c28c801000000002cbf2e5e00010000000000000000000000000000000000000000000000000000000000000004e0f18ed5817c99e820000000000000000000000000000000000000000000546f6b656e4272696467650100000c20aeb534c45c3049d380b9d9b966f9895f53abd4301bfaff407fa09dea8ae7a924